claim_id,material_claim,article_location,paper_source,proof_or_checker,raw_result_figure_table,scope,maturity,fresh_recheck,independent_recheck
C01,Relevance-first maximizes within-block AP,Lemma 1; Proposition 2,interactions.tex,maximum-over-refinements vs sorted completion and block numerator,results/matrices/; results/dimensions.csv; results/extended_geometry.csv,all n proof; exact n=2..5 all caps; sampled direct-definition checks for every n=6 cap,proved; finite-checked,"2026-09-25: proof text and article locations reconciled; 65-entry source audit and 3-entry proof-dependency audit passed; 34-test suite and complete exact verifier passed; 25 regenerable scientific outputs matched retained results, a clean complete-project run, and a clean standalone run; intake_and_pilot.json remained a retained nonregenerable observation; the audited 35-page build had identical extracted text and zero changed rendered pages",none; artifact-only self-audit is not independent review
C02,"Harmonic expansion and interaction degree min(b+1,n)",Lemma 3; Theorem 4,interactions.tex,Newton coefficients vs Boolean inversion; highest degree,results/dimensions.csv; results/matrices/; results/extended_geometry.csv,"all n,b proof; all-action coefficient checks n<=6; definition tables n<=5 plus sampled n=6 direct checks",proved; finite-checked,"2026-09-25: proof text and article locations reconciled; 65-entry source audit and 3-entry proof-dependency audit passed; 34-test suite and complete exact verifier passed; 25 regenerable scientific outputs matched retained results, a clean complete-project run, and a clean standalone run; intake_and_pilot.json remained a retained nonregenerable observation; the audited 35-page build had identical extracted text and zero changed rendered pages",none; artifact-only self-audit is not independent review
C03,Outcome-independent completion remains quadratic and is Bayes dominated,Proposition 5,interactions.tex,uniform completion coefficient degree negative control,results/resources.json,general mixture proof; 91 actions n<=4 checked,proved; finite-checked,"2026-09-25: proof text and article locations reconciled; 65-entry source audit and 3-entry proof-dependency audit passed; 34-test suite and complete exact verifier passed; 25 regenerable scientific outputs matched retained results, a clean complete-project run, and a clean standalone run; intake_and_pilot.json remained a retained nonregenerable observation; the audited 35-page build had identical extracted text and zero changed rendered pages",none; artifact-only self-audit is not independent review
C04,Normalized nonempty monomials are independent,Lemma 6,geometry.tex,Boolean support induction; exact feature ranks,results/dimensions.csv; results/extended_geometry.csv,all n proof; exact rational certificate ranks through n=6,proved; finite-checked,"2026-09-25: proof text and article locations reconciled; 65-entry source audit and 3-entry proof-dependency audit passed; 34-test suite and complete exact verifier passed; 25 regenerable scientific outputs matched retained results, a clean complete-project run, and a clean standalone run; intake_and_pilot.json remained a retained nonregenerable observation; the audited 35-page build had identical extracted text and zero changed rendered pages",none; artifact-only self-audit is not independent review
C05,"Ordinary AP contrast dimension n+choose(n,2)-2",Lemma 7; Theorem 9,geometry.tex,adjacent-exchange spanning proof; rational rank,results/dimensions.csv; Table 2; results/extended_geometry.csv,all n>=2 proof; n<=5 full matrices; n=6 exact certificate ranks,proved; finite-checked,"2026-09-25: proof text and article locations reconciled; 65-entry source audit and 3-entry proof-dependency audit passed; 34-test suite and complete exact verifier passed; 25 regenerable scientific outputs matched retained results, a clean complete-project run, and a clean standalone run; intake_and_pilot.json remained a retained nonregenerable observation; the audited 35-page build had identical extracted text and zero changed rendered pages",none; artifact-only self-audit is not independent review
C06,"Block contrast dimension sum choose(n,s)-1 through degree min(b+1,n)",Lemmas 8; Theorem 9; Corollary 10,geometry.tex,incidence bridge and degree induction; basis reconstruction,results/dimensions.csv; Table 2; results/extended_geometry.csv,"all n,b proof; all caps n<=5 full matrices; all caps n=6 exact certificate ranks",proved; finite-checked,"2026-09-25: proof text and article locations reconciled; 65-entry source audit and 3-entry proof-dependency audit passed; 34-test suite and complete exact verifier passed; 25 regenerable scientific outputs matched retained results, a clean complete-project run, and a clean standalone run; intake_and_pilot.json remained a retained nonregenerable observation; the audited 35-page build had identical extracted text and zero changed rendered pages",none; artifact-only self-audit is not independent review
C07,"Reference schedule is nonnegative, positive on nontrivial blocks and ties all actions",Theorem 11,calibration.tex,exact expected gain and full-menu tie; wrong-price negative control,results/matrices/; results/fiber_certificate.json; results/extended_geometry.csv,general proof; complete small menus through n=6; reference-price properties through n=12 and expected-gain identity unit-checked,proved; finite-checked,"2026-09-25: proof text and article locations reconciled; 65-entry source audit and 3-entry proof-dependency audit passed; 34-test suite and complete exact verifier passed; 25 regenerable scientific outputs matched retained results, a clean complete-project run, and a clean standalone run; intake_and_pilot.json remained a retained nonregenerable observation; the audited 35-page build had identical extracted text and zero changed rendered pages",none; artifact-only self-audit is not independent review
C08,Exact convex calibration dimension D at reference fees and for a common all-fee surrogate,Theorem 12,calibration.tex,source Theorem 16 plus centered contrast and normalization rank; squared upper link,results/dimensions.csv; results/extended_geometry.csv,general mathematical proof relying on cited Ramaswamy-Agarwal; finite geometry through all n=6 caps; general theorem not mechanized,proved; finite geometry checked; not mechanized,"2026-09-25: proof text and article locations reconciled; 65-entry source audit and 3-entry proof-dependency audit passed; 34-test suite and complete exact verifier passed; 25 regenerable scientific outputs matched retained results, a clean complete-project run, and a clean standalone run; intake_and_pilot.json remained a retained nonregenerable observation; the audited 35-page build had identical extracted text and zero changed rendered pages",none; artifact-only self-audit is not independent review
C09,Free full resolution admits dimension zero,Proposition 13,calibration.tex,full block AP identically one with zero fee,results/matrices/,direct proof; small utility tables,proved; finite-checked,"2026-09-25: proof text and article locations reconciled; 65-entry source audit and 3-entry proof-dependency audit passed; 34-test suite and complete exact verifier passed; 25 regenerable scientific outputs matched retained results, a clean complete-project run, and a clean standalone run; intake_and_pilot.json remained a retained nonregenerable observation; the audited 35-page build had identical extracted text and zero changed rendered pages",none; artifact-only self-audit is not independent review
C10,All-fee squared-mean criterion is contrast span containment modulo constants,Theorem 14,calibration.tex,affine score sufficiency; full-support opposing perturbations for necessity,theory.pdf,general proof; no claim of separate machine proof,proved,"2026-09-25: proof text and article locations reconciled; 65-entry source audit and 3-entry proof-dependency audit passed; 34-test suite and complete exact verifier passed; 25 regenerable scientific outputs matched retained results, a clean complete-project run, and a clean standalone run; intake_and_pilot.json remained a retained nonregenerable observation; the audited 35-page build had identical extracted text and zero changed rendered pages",none; artifact-only self-audit is not independent review
C11,Excess target risk <= B sqrt(deltaS)+eta+2tau; square-root exponent sharp,Theorem 15 and following two-item example,calibration.tex,Cauchy-Schwarz and square identity; explicit two-item algebra,theory.pdf,general conditional proof; finite-expectation population corollary,proved,"2026-10-06: sharpness example uses an affine complete-order contrast sufficient on all three nonzero two-item outcomes; exact regression checks all three feature values and eight positive rational t values; the 4t^2 and t calculations are unchanged",fresh-context artifact review; no independent human-review claim
C12,Explicit coefficient bound for the displayed feature basis,Corollary 16,calibration.tex,coefficient l1 bound; each small action numerator checked,results/coefficient_bounds.csv; results/extended_geometry.csv,general bound proved; every action coefficient constraint checked through all n=6 caps; exact displayed norms retained through n=5,proved; finite-checked,"2026-10-06: all six n=6 caps executed with 22,995 exact numerator coefficient-bound assertions; 299 exact basis rows and 72 definition samples retained; run used bundled Windows Python with resource telemetry unavailable; general proof not mechanized",fresh-context artifact review; no independent human-review claim
C13,Fixed-loss mean calibration iff each mean fiber has a common Bayes action,Theorem 17,calibration.tex,finite LP dual vertices give Lipschitz value functions and projection link,theory.pdf,"general finite-loss proof, not an efficient universal algorithm",proved,"2026-09-25: proof text and article locations reconciled; 65-entry source audit and 3-entry proof-dependency audit passed; 34-test suite and complete exact verifier passed; 25 regenerable scientific outputs matched retained results, a clean complete-project run, and a clean standalone run; intake_and_pilot.json remained a retained nonregenerable observation; the audited 35-page build had identical extracted text and zero changed rendered pages",none; artifact-only self-audit is not independent review
C14,Parity laws match normalized moments through b,Lemma 18,fibers.tex,alternating subset sum; rational moment comparison,results/parity.csv,all b>=2 proof; b=2..8 finite moment checks,proved; finite-checked,"2026-09-25: proof text and article locations reconciled; 65-entry source audit and 3-entry proof-dependency audit passed; 34-test suite and complete exact verifier passed; 25 regenerable scientific outputs matched retained results, a clean complete-project run, and a clean standalone run; intake_and_pilot.json remained a retained nonregenerable observation; the audited 35-page build had identical extracted text and zero changed rendered pages",none; artifact-only self-audit is not independent review
C15,"Parity full menu splits into n high-order actions and their complement, with exact two-law floor",Theorem 19,fibers.tex,top coefficient classification; full-menu expected net scores,results/parity_menus.csv; results/parity.csv,all b>=2 proof; full menus b=2..5 only,proved; finite-checked,"2026-09-25: proof text and article locations reconciled; 65-entry source audit and 3-entry proof-dependency audit passed; 34-test suite and complete exact verifier passed; 25 regenerable scientific outputs matched retained results, a clean complete-project run, and a clean standalone run; intake_and_pilot.json remained a retained nonregenerable observation; the audited 35-page build had identical extracted text and zero changed rendered pages",none; artifact-only self-audit is not independent review
C16,Interior parity mixtures retain disjoint Bayes groups and scaled floors,Corollary 20,fibers.tex,affine mixture with full-support reference distribution,theory.pdf,"general proof; finite suite enumerates boundary parity laws, not a mixture grid",proved,"2026-09-25: proof text and article locations reconciled; 65-entry source audit and 3-entry proof-dependency audit passed; 34-test suite and complete exact verifier passed; 25 regenerable scientific outputs matched retained results, a clean complete-project run, and a clean standalone run; intake_and_pilot.json remained a retained nonregenerable observation; the audited 35-page build had identical extracted text and zero changed rendered pages",none; artifact-only self-audit is not independent review
C17,Three-item entire quadratic moment fiber and its feasible interval,Proposition 21,fibers.tex,rank six; null direction; all outcome nonnegativity; exact fixture,fixtures/fiber.json; results/fiber_certificate.json,entire analytic fiber; 31 display samples,proved; finite-checked,"2026-09-25: proof text and article locations reconciled; 65-entry source audit and 3-entry proof-dependency audit passed; 34-test suite and complete exact verifier passed; 25 regenerable scientific outputs matched retained results, a clean complete-project run, and a clean standalone run; intake_and_pilot.json remained a retained nonregenerable observation; the audited 35-page build had identical extracted text and zero changed rendered pages",none; artifact-only self-audit is not independent review
C18,"Uniform fee interval (3/80,1/20) has incompatible full-menu Bayes decisions on the fiber",Theorem 22,fibers.tex,all 13 action risk formulae; affine corner domination; full-support witnesses,results/fiber_actions.csv; results/fiber_dominance.json; Table 1; Figure 1,"analytic parameter rectangle, not just grid evidence",proved; finite-checked,"2026-09-25: proof text and article locations reconciled; 65-entry source audit and 3-entry proof-dependency audit passed; 34-test suite and complete exact verifier passed; 25 regenerable scientific outputs matched retained results, a clean complete-project run, and a clean standalone run; intake_and_pilot.json remained a retained nonregenerable observation; the audited 35-page build had identical extracted text and zero changed rendered pages",none; artifact-only self-audit is not independent review
C19,Exact deterministic and randomized whole-fiber deficiency,Theorem 22,fibers.tex,endpoint minimax balance and dominance; rational evaluation,results/fee_deficiency.csv; Figure 2,all fees in stated closed interval; 21 display samples,proved; finite-checked,"2026-09-25: proof text and article locations reconciled; 65-entry source audit and 3-entry proof-dependency audit passed; 34-test suite and complete exact verifier passed; 25 regenerable scientific outputs matched retained results, a clean complete-project run, and a clean standalone run; intake_and_pilot.json remained a retained nonregenerable observation; the audited 35-page build had identical extracted text and zero changed rendered pages",none; artifact-only self-audit is not independent review
C20,Full-support two-law uniform-fee floors 1/720 and 1/1440,Equations 44-45 and following text,fibers.tex,evaluate all action risks at two exact laws,results/fiber_certificate.json,two laws at lambda=1/24; not entire-fiber floors,proved; finite-checked,"2026-09-25: proof text and article locations reconciled; 65-entry source audit and 3-entry proof-dependency audit passed; 34-test suite and complete exact verifier passed; 25 regenerable scientific outputs matched retained results, a clean complete-project run, and a clean standalone run; intake_and_pilot.json remained a retained nonregenerable observation; the audited 35-page build had identical extracted text and zero changed rendered pages",none; artifact-only self-audit is not independent review
C21,Quadratic moment insufficiency extends to all n>=3 and caps>=2,Corollary 23,fibers.tex,move known-irrelevant items to terminal singleton blocks,theory.pdf,general reduction; padded laws are not full support,proved,"2026-09-25: proof text and article locations reconciled; 65-entry source audit and 3-entry proof-dependency audit passed; 34-test suite and complete exact verifier passed; 25 regenerable scientific outputs matched retained results, a clean complete-project run, and a clean standalone run; intake_and_pilot.json remained a retained nonregenerable observation; the audited 35-page build had identical extracted text and zero changed rendered pages",none; artifact-only self-audit is not independent review
C22,Subset decoder is exact for additive set-dependent block fees,Theorem 24,validation.tex,Bellman proof; exact optimum comparisons for position-size implementation,results/decoding.csv,general theorem; 168 full optimum checks n<=5; six larger risk-only checks,proved; finite-checked,"2026-10-06: decoder uses transition-local moment probes and two-mask predecessors; 168 exact optimum comparisons and six returned-action checks executed; three narrow regressions fail on the byte-preserved original and pass on the candidate",fresh-context artifact review; no independent human-review claim
C23,Normalized full-moment inversion and exact moment polytope,Appendix A.2; Equations 49-50,appendix.tex,upper-set Mobius inversion; full-moment probability round trips,tests/test_ranking.py,general inversion proof; deterministic round trips n=2..6,proved; finite-checked,"2026-09-25: proof text and article locations reconciled; 65-entry source audit and 3-entry proof-dependency audit passed; 34-test suite and complete exact verifier passed; 25 regenerable scientific outputs matched retained results, a clean complete-project run, and a clean standalone run; intake_and_pilot.json remained a retained nonregenerable observation; the audited 35-page build had identical extracted text and zero changed rendered pages",none; artifact-only self-audit is not independent review
C24,Exact campaign counts and three negative-control outcomes,Section 8; Table 2,validation.tex,one-worker full runner with active assertions and unit tests,results/resources.json; results/dimensions.csv; results/extended_geometry.csv; results/decoding.csv; results/reproduction.json,bounded deterministic validation with 38 unit tests; 14 full matrix cases plus six n=6 geometry cases; no workload-generalization claim,measured; finite-checked,"2026-10-06: 38 tests and all five finite parts executed locally; scientific values preserved; historical resources and reproduction records retained without replacement; this is not a hosted workflow run or general theorem mechanization",fresh-context artifact review; no independent human-review claim
