name,scholarly_or_official_url,license,access_date,resource_type,acquisition_method,integration_mode,supported_claim,internals_modified
A Support Vector Method for Optimizing Average Precision,https://www.cs.cornell.edu/~tj/publications/yue_etal_07a.pdf,"Publisher/author terms; cited, not redistributed",2026-09-20,scholarly publication,Primary full text or theorem section inspected,Mathematical dependency and closest-work comparison; no source code or data imported,yue2007,no
"On the (Non-)existence of Convex, Calibrated Surrogate Losses for Ranking",https://proceedings.neurips.cc/paper_files/paper/2012/file/50f3f8c42b998a48057e9d33f4144b8b-Paper.pdf,"Publisher/author terms; cited, not redistributed",2026-09-20,scholarly publication,Primary full text or theorem section inspected,Mathematical dependency and closest-work comparison; no source code or data imported,calauzenes2012,no
Convex Calibrated Surrogates for Low-Rank Loss Matrices with Applications to Subset Ranking Losses,https://papers.nips.cc/paper_files/paper/2013/file/a5cdd4aa0048b187f7182f1b9ce7a6a7-Paper.pdf,"Publisher/author terms; cited, not redistributed",2026-09-20,scholarly publication,Primary full text or theorem section inspected,Mathematical dependency and closest-work comparison; no source code or data imported,ramaswamy2013,no
Convex Calibration Dimension for Multiclass Loss Matrices,https://jmlr.org/papers/volume17/14-316/14-316.pdf,"Publisher/author terms; cited, not redistributed",2026-09-25,scholarly publication,Primary full text or theorem section inspected,Mathematical dependency and closest-work comparison; no source code or data imported,ramaswamy2016,no
On Consistent Surrogate Risk Minimization and Property Elicitation,https://proceedings.mlr.press/v40/Agarwal15.html,"Publisher/author terms; cited, not redistributed",2026-09-20,scholarly publication,Primary full text or theorem section inspected,Mathematical dependency and closest-work comparison; no source code or data imported,agarwal2015,no
On Structured Prediction Theory with Calibrated Convex Surrogate Losses,https://papers.neurips.cc/paper/6634-on-structured-prediction-theory-with-calibrated-convex-surrogate-losses,"Publisher/author terms; cited, not redistributed",2026-09-20,scholarly publication,Primary full text or theorem section inspected,Mathematical dependency and closest-work comparison; no source code or data imported,osokin2017,no
Quantifying Learning Guarantees for Convex but Inconsistent Surrogates,https://arxiv.org/abs/1810.11544,"Publisher/author terms; cited, not redistributed",2026-09-20,scholarly publication,Primary full text or theorem section inspected,Mathematical dependency and closest-work comparison; no source code or data imported,struminsky2018,no
Predicting Partial Orders: Ranking with Abstention,https://doi.org/10.1007/978-3-642-15880-3_20,"Publisher/author terms; cited, not redistributed",2026-09-12,scholarly publication,Primary full text or theorem section inspected,Mathematical dependency and closest-work comparison; no source code or data imported,cheng2010,no
Computing Information Retrieval Performance Measures Efficiently in the Presence of Tied Scores,https://doi.org/10.1007/978-3-540-78646-7_38,"Publisher/author terms; cited, not redistributed",2026-09-12,scholarly publication,Primary full text or theorem section inspected,Mathematical dependency and closest-work comparison; no source code or data imported,mcsherry2008,no
Ranking with Abstention,https://arxiv.org/abs/2307.02035,"Publisher/author terms; cited, not redistributed",2026-09-20,research preprint or workshop paper,Primary full text or theorem section inspected,Mathematical dependency and closest-work comparison; no source code or data imported,mao2023,no
Towards Trustworthy Reranking: A Simple yet Effective Abstention Mechanism,https://openreview.net/forum?id=iMKUMWfRIj,"Publisher/author terms; cited, not redistributed",2026-09-20,scholarly publication,Primary full text or theorem section inspected,Mathematical dependency and closest-work comparison; no source code or data imported,gisserot2024,no
The Structured Abstain Problem and the Lov\'asz Hinge,https://proceedings.mlr.press/v178/finocchiaro22a.html,"Publisher/author terms; cited, not redistributed",2026-09-20,scholarly publication,Primary full text or theorem section inspected,Mathematical dependency and closest-work comparison; no source code or data imported,finocchiaro2022,no
An Embedding Framework for the Design and Analysis of Consistent Polyhedral Surrogates,https://jmlr.org/papers/v25/22-0743.html,"Publisher/author terms; cited, not redistributed",2026-09-12,scholarly publication,Primary full text or theorem section inspected,Mathematical dependency and closest-work comparison; no source code or data imported,finocchiaro2024,no
A General Framework for Consistent Structured Prediction with Implicit Loss Embeddings,https://jmlr.org/papers/v21/20-097.html,"Publisher/author terms; cited, not redistributed",2026-09-12,scholarly publication,Primary full text or theorem section inspected,Mathematical dependency and closest-work comparison; no source code or data imported,ciliberto2020,no
Composite Binary Losses,https://jmlr.org/papers/v11/reid10a.html,"Publisher/author terms; cited, not redistributed",2026-09-12,scholarly publication,Primary full text or theorem section inspected,Mathematical dependency and closest-work comparison; no source code or data imported,reid2010,no
Composite Multiclass Losses,https://jmlr.org/papers/v17/14-294.html,"Publisher/author terms; cited, not redistributed",2026-09-12,scholarly publication,Primary full text or theorem section inspected,Mathematical dependency and closest-work comparison; no source code or data imported,williamson2016,no
On the Consistency of Multiclass Classification Methods,https://jmlr.org/papers/v8/tewari07a.html,"Publisher/author terms; cited, not redistributed",2026-09-12,scholarly publication,Primary full text or theorem section inspected,Mathematical dependency and closest-work comparison; no source code or data imported,tewari2007,no
Statistical Analysis of Some Multi-Category Large Margin Classification Methods,https://jmlr.org/papers/v5/zhang04b.html,"Publisher/author terms; cited, not redistributed",2026-09-12,scholarly publication,Primary full text or theorem section inspected,Mathematical dependency and closest-work comparison; no source code or data imported,zhang2004,no
Surrogate Regret Bounds for Bipartite Ranking via Strongly Proper Losses,https://jmlr.org/papers/v15/agarwal14b.html,"Publisher/author terms; cited, not redistributed",2026-09-12,scholarly publication,Primary full text or theorem section inspected,Mathematical dependency and closest-work comparison; no source code or data imported,agarwal2014,no
Optimal Strategies for Reject Option Classifiers,https://jmlr.org/papers/v24/21-0048.html,"Publisher/author terms; cited, not redistributed",2026-09-12,scholarly publication,Primary full text or theorem section inspected,Mathematical dependency and closest-work comparison; no source code or data imported,franc2023,no
Learning with Fenchel--Young Losses,https://jmlr.org/papers/v21/19-021.html,"Publisher/author terms; cited, not redistributed",2026-09-12,scholarly publication,Primary full text or theorem section inspected,Mathematical dependency and closest-work comparison; no source code or data imported,blondel2020,no
On the Consistency of Ordinal Regression Methods,https://jmlr.org/papers/v18/15-495.html,"Publisher/author terms; cited, not redistributed",2026-09-12,scholarly publication,Primary full text or theorem section inspected,Mathematical dependency and closest-work comparison; no source code or data imported,pedregosa2017,no
On the Bayes-Optimality of $F$-Measure Maximizers,https://jmlr.org/papers/v15/waegeman14a.html,"Publisher/author terms; cited, not redistributed",2026-09-12,scholarly publication,Primary full text or theorem section inspected,Mathematical dependency and closest-work comparison; no source code or data imported,waegeman2014,no
Contrasting Cost-Agnostic and Cost-Sensitive Losses under Limited Model Capacity via $\mathcal H$-Consistency,https://arxiv.org/abs/2502.19522,"Publisher/author terms; cited, not redistributed",2026-09-20,research preprint or workshop paper,Primary full text or theorem section inspected,Mathematical dependency and closest-work comparison; no source code or data imported,finocchiaro2025cost,no
Exact Rank and Convex Calibration Dimension Lower Bounds for the Multi-Label $F_1$ Loss,https://arxiv.org/abs/2608.08399,"Publisher/author terms; cited, not redistributed",2026-09-20,research preprint or workshop paper,Primary full text or theorem section inspected,Mathematical dependency and closest-work comparison; no source code or data imported,zhang2026,no
"Convexity, Classification, and Risk Bounds",https://doi.org/10.1198/016214505000000907,"Publisher/author terms; cited, not redistributed",2026-09-12,scholarly publication,Official publication record and relevant abstract or section checked,Related-work context; no source code or data imported,bartlett2006,no
Eliciting Properties of Probability Distributions,https://doi.org/10.1145/1386790.1386813,"Publisher/author terms; cited, not redistributed",2026-09-12,scholarly publication,Official publication record and relevant abstract or section checked,Related-work context; no source code or data imported,lambert2008,no
Vector-Valued Property Elicitation,https://proceedings.mlr.press/v40/Frongillo15.html,"Publisher/author terms; cited, not redistributed",2026-09-12,scholarly publication,Official publication record and relevant abstract or section checked,Related-work context; no source code or data imported,frongillo2015,no
A General Theory for Structured Prediction with Smooth Convex Surrogates,https://arxiv.org/abs/1902.01958,"Publisher/author terms; cited, not redistributed",2026-09-12,research preprint or workshop paper,Official publication record and relevant abstract or section checked,Related-work context; no source code or data imported,nowakvila2019,no
Convex Calibrated Surrogates for the Multi-Label $F$-Measure,https://proceedings.mlr.press/v119/zhang20w.html,"Publisher/author terms; cited, not redistributed",2026-09-12,scholarly publication,Official publication record and relevant abstract or section checked,Related-work context; no source code or data imported,zhang2020f,no
On Optimum Recognition Error and Reject Tradeoff,https://doi.org/10.1109/TIT.1970.1054406,"Publisher/author terms; cited, not redistributed",2026-09-12,scholarly publication,Official publication record and relevant abstract or section checked,Related-work context; no source code or data imported,chow1970,no
Classification with Reject Option,https://doi.org/10.1002/cjs.5550340407,"Publisher/author terms; cited, not redistributed",2026-09-12,scholarly publication,Official publication record and relevant abstract or section checked,Related-work context; no source code or data imported,herbei2006,no
Classification with a Reject Option Using a Hinge Loss,https://jmlr.org/papers/v9/bartlett08a.html,"Publisher/author terms; cited, not redistributed",2026-09-12,scholarly publication,Official publication record and relevant abstract or section checked,Related-work context; no source code or data imported,bartlettwegkamp2008,no
On the Foundations of Noise-Free Selective Classification,https://jmlr.org/papers/v11/elyaniv10a.html,"Publisher/author terms; cited, not redistributed",2026-09-12,scholarly publication,Official publication record and relevant abstract or section checked,Related-work context; no source code or data imported,elyaniv2010,no
Classification Methods with Reject Option Based on Convex Risk Minimization,https://jmlr.org/papers/v11/yuan10a.html,"Publisher/author terms; cited, not redistributed",2026-09-12,scholarly publication,Official publication record and relevant abstract or section checked,Related-work context; no source code or data imported,yuan2010,no
Learning with Rejection,https://doi.org/10.1007/978-3-319-46379-7_5,"Publisher/author terms; cited, not redistributed",2026-09-12,scholarly publication,Official publication record and relevant abstract or section checked,Related-work context; no source code or data imported,cortes2016,no
Consistent Algorithms for Multiclass Classification with an Abstain Option,https://doi.org/10.1214/17-EJS1386,"Publisher/author terms; cited, not redistributed",2026-09-12,scholarly publication,Official publication record and relevant abstract or section checked,Related-work context; no source code or data imported,ramaswamy2018reject,no
Consistent Estimators for Learning to Defer to an Expert,https://proceedings.mlr.press/v119/mozannar20b.html,"Publisher/author terms; cited, not redistributed",2026-09-12,scholarly publication,Official publication record and relevant abstract or section checked,Related-work context; no source code or data imported,mozannar2020,no
Calibrated Learning to Defer with One-vs-All Classifiers,https://proceedings.mlr.press/v162/verma22a.html,"Publisher/author terms; cited, not redistributed",2026-09-12,scholarly publication,Official publication record and relevant abstract or section checked,Related-work context; no source code or data imported,verma2022,no
Ranking and Empirical Minimization of $U$-Statistics,https://doi.org/10.1214/009053607000000910,"Publisher/author terms; cited, not redistributed",2026-09-12,scholarly publication,Official publication record and relevant abstract or section checked,Related-work context; no source code or data imported,clemencon2008,no
Statistical Analysis of Bayes Optimal Subset Ranking,https://doi.org/10.1109/TIT.2008.929939,"Publisher/author terms; cited, not redistributed",2026-09-12,scholarly publication,Official publication record and relevant abstract or section checked,Related-work context; no source code or data imported,cossock2008,no
On the Consistency of Ranking Algorithms,https://icml.cc/Conferences/2010/papers/421.pdf,"Publisher/author terms; cited, not redistributed",2026-09-12,scholarly publication,Official publication record and relevant abstract or section checked,Related-work context; no source code or data imported,duchi2010,no
On NDCG Consistency of Listwise Ranking Methods,https://proceedings.mlr.press/v15/ravikumar11a.html,"Publisher/author terms; cited, not redistributed",2026-09-12,scholarly publication,Official publication record and relevant abstract or section checked,Related-work context; no source code or data imported,ravikumar2011,no
Bipartite Ranking through Minimization of Univariate Loss,https://icml.cc/2011/papers/567_icmlpaper.pdf,"Publisher/author terms; cited, not redistributed",2026-09-12,scholarly publication,Official publication record and relevant abstract or section checked,Related-work context; no source code or data imported,kotlowski2011,no
Bipartite Ranking: A Risk-Theoretic Perspective,https://jmlr.org/papers/v17/14-488.html,"Publisher/author terms; cited, not redistributed",2026-09-12,scholarly publication,Official publication record and relevant abstract or section checked,Related-work context; no source code or data imported,menon2016,no
On the Consistency of Top-$k$ Surrogate Losses,https://proceedings.mlr.press/v119/yang20f.html,"Publisher/author terms; cited, not redistributed",2026-09-12,scholarly publication,Official publication record and relevant abstract or section checked,Related-work context; no source code or data imported,yang2020,no
An Efficient Boosting Algorithm for Combining Preferences,https://jmlr.org/papers/v4/freund03a.html,"Publisher/author terms; cited, not redistributed",2026-09-12,scholarly publication,Official publication record and relevant abstract or section checked,Related-work context; no source code or data imported,freund2003,no
Label Ranking by Learning Pairwise Preferences,https://doi.org/10.1016/j.artint.2008.08.002,"Publisher/author terms; cited, not redistributed",2026-09-12,scholarly publication,Official publication record and relevant abstract or section checked,Related-work context; no source code or data imported,hullermeier2008,no
Comparing Top $k$ Lists,https://doi.org/10.1137/S0895480102412856,"Publisher/author terms; cited, not redistributed",2026-09-12,scholarly publication,Official publication record and relevant abstract or section checked,Related-work context; no source code or data imported,fagin2003,no
Learning to Rank Using Gradient Descent,https://doi.org/10.1145/1102351.1102363,"Publisher/author terms; cited, not redistributed",2026-09-12,scholarly publication,Official publication record and relevant abstract or section checked,Related-work context; no source code or data imported,burges2005,no
Learning to Rank: From Pairwise Approach to Listwise Approach,https://doi.org/10.1145/1273496.1273513,"Publisher/author terms; cited, not redistributed",2026-09-12,scholarly publication,Official publication record and relevant abstract or section checked,Related-work context; no source code or data imported,cao2007,no
AdaRank: A Boosting Algorithm for Information Retrieval,https://doi.org/10.1145/1277741.1277809,"Publisher/author terms; cited, not redistributed",2026-09-12,scholarly publication,Official publication record and relevant abstract or section checked,Related-work context; no source code or data imported,xu2007,no
Listwise Approach to Learning to Rank: Theory and Algorithm,https://doi.org/10.1145/1390156.1390306,"Publisher/author terms; cited, not redistributed",2026-09-12,scholarly publication,Official publication record and relevant abstract or section checked,Related-work context; no source code or data imported,xia2008,no
SoftRank: Optimising Non-Smooth Rank Metrics,https://doi.org/10.1145/1341531.1341544,"Publisher/author terms; cited, not redistributed",2026-09-12,scholarly publication,Official publication record and relevant abstract or section checked,Related-work context; no source code or data imported,taylor2008,no
A General Approximation Framework for Direct Optimization of Information Retrieval Measures,https://doi.org/10.1007/s10791-009-9124-x,"Publisher/author terms; cited, not redistributed",2026-09-12,scholarly publication,Official publication record and relevant abstract or section checked,Related-work context; no source code or data imported,qin2010,no
Learning with Average Precision: Training Image Retrieval with a Listwise Loss,https://openaccess.thecvf.com/content_ICCV_2019/html/Revaud_Learning_With_Average_Precision_Training_Image_Retrieval_With_a_Listwise_ICCV_2019_paper.html,"Publisher/author terms; cited, not redistributed",2026-09-12,scholarly publication,Official publication record and relevant abstract or section checked,Related-work context; no source code or data imported,revaud2019,no
Smooth-AP: Smoothing the Path Towards Large-Scale Image Retrieval,https://doi.org/10.1007/978-3-030-58548-8_40,"Publisher/author terms; cited, not redistributed",2026-09-12,scholarly publication,Official publication record and relevant abstract or section checked,Related-work context; no source code or data imported,brown2020,no
An Exact Algorithm for $F$-Measure Maximization,https://proceedings.neurips.cc/paper/2011/hash/71ad16ad2c4d81f348082ff6c4b20768-Abstract.html,"Publisher/author terms; cited, not redistributed",2026-09-12,scholarly publication,Official publication record and relevant abstract or section checked,Related-work context; no source code or data imported,dembczynski2011,no
Consistent Binary Classification with Generalized Performance Metrics,https://proceedings.neurips.cc/paper_files/paper/2014/hash/98053046e0dce5c7d946c67b96a85e18-Abstract.html,"Publisher/author terms; cited, not redistributed",2026-09-12,scholarly publication,Official publication record and relevant abstract or section checked,Related-work context; no source code or data imported,koyejo2014,no
Consistent Multiclass Algorithms for Complex Performance Measures,https://proceedings.mlr.press/v37/narasimhanb15.html,"Publisher/author terms; cited, not redistributed",2026-09-12,scholarly publication,Official publication record and relevant abstract or section checked,Related-work context; no source code or data imported,narasimhan2015,no
Consistent Multiclass Algorithms for Complex Metrics and Constraints,https://jmlr.org/papers/v25/22-1137.html,"Publisher/author terms; cited, not redistributed",2026-09-12,scholarly publication,Official publication record and relevant abstract or section checked,Related-work context; no source code or data imported,narasimhan2024,no
Bounded-Abstention Pairwise Learning to Rank,https://doi.org/10.1145/3770855.3817918,"Publisher/author terms; cited, not redistributed",2026-09-20,scholarly publication,Primary publication record and full author manuscript inspected,Closest-work comparison; no source code or data imported,ferrara2026,no
Three Types of Calibration Using Properties and Their Semantic and Formal Relationships,https://www.jmlr.org/papers/v27/25-1064.html,"CC BY 4.0 article; cited, not redistributed",2026-09-20,scholarly publication,Primary JMLR article and full text inspected,Calibration terminology and related-work comparison; no code or data imported,derr2026,no
Sharp Analysis of Learning with Discrete Losses,https://proceedings.mlr.press/v89/nowak19a.html,PMLR author publication; bibliographic metadata and abstract used,2026-09-16,scholarly publication,official PMLR publication page and paper,citation and closest-work comparison,nowak2019sharp,no
Weston--Watkins Hinge Loss and Ordered Partitions,https://proceedings.neurips.cc/paper/2020/hash/e5e6851e7f7ffd3530e7389e183aa468-Abstract.html,NeurIPS proceedings; bibliographic metadata and technical comparison used,2026-09-16,scholarly publication,official NeurIPS publication page and paper,citation and closest-action-space comparison,wang2020ordered,no
JMLR author instructions,https://jmlr.org/author-info.html,Public policy text; not redistributed,2026-09-20,official venue rules,Primary page inspected,Formatting and external-use readiness only,Internal style and length contract; not scientific evidence,no
JMLR official style,https://github.com/JmlrOrg/jmlr-style-file,Upstream notices retained; no separate grant inferred,2026-09-20,publisher style,Matched user-supplied template inspected,Unmodified jmlr2e.sty in paper only,Official typography,no
