bib_key,title,authors,year,venue_or_status,persistent_id,primary_url,source_tier,metadata_check,content_check,checked_on
yue2007,A Support Vector Method for Optimizing Average Precision,Yisong Yue and Thomas Finley and Filip Radlinski and Thorsten Joachims,2007,Proceedings of the 30th Annual International ACM SIGIR Conference on Research and Development in Information Retrieval,doi:10.1145/1277741.1277790,https://www.cs.cornell.edu/~tj/publications/yue_etal_07a.pdf,primary_publication,publisher_record_checked,full_text_or_claim_sections_checked,2026-09-20
calauzenes2012,"On the (Non-)existence of Convex, Calibrated Surrogate Losses for Ranking",Cl{\'e}ment Calauz{\`e}nes and Nicolas Usunier and Patrick Gallinari,2012,Advances in Neural Information Processing Systems,https://proceedings.neurips.cc/paper_files/paper/2012/file/50f3f8c42b998a48057e9d33f4144b8b-Paper.pdf,https://proceedings.neurips.cc/paper_files/paper/2012/file/50f3f8c42b998a48057e9d33f4144b8b-Paper.pdf,primary_publication,publisher_record_checked,full_text_or_claim_sections_checked,2026-09-20
ramaswamy2013,Convex Calibrated Surrogates for Low-Rank Loss Matrices with Applications to Subset Ranking Losses,Harish G. Ramaswamy and Shivani Agarwal and Ambuj Tewari,2013,Advances in Neural Information Processing Systems,https://papers.nips.cc/paper_files/paper/2013/file/a5cdd4aa0048b187f7182f1b9ce7a6a7-Paper.pdf,https://papers.nips.cc/paper_files/paper/2013/file/a5cdd4aa0048b187f7182f1b9ce7a6a7-Paper.pdf,primary_publication,publisher_record_checked,full_text_or_claim_sections_checked,2026-09-20
ramaswamy2016,Convex Calibration Dimension for Multiclass Loss Matrices,Harish G. Ramaswamy and Shivani Agarwal,2016,Journal of Machine Learning Research,https://jmlr.org/papers/volume17/14-316/14-316.pdf,https://jmlr.org/papers/volume17/14-316/14-316.pdf,primary_publication,publisher_record_checked,full_text_or_claim_sections_checked,2026-09-25
agarwal2015,On Consistent Surrogate Risk Minimization and Property Elicitation,Arpit Agarwal and Shivani Agarwal,2015,Proceedings of the 28th Conference on Learning Theory,https://proceedings.mlr.press/v40/Agarwal15.html,https://proceedings.mlr.press/v40/Agarwal15.html,primary_publication,publisher_record_checked,full_text_or_claim_sections_checked,2026-09-20
osokin2017,On Structured Prediction Theory with Calibrated Convex Surrogate Losses,Anton Osokin and Francis Bach and Simon Lacoste-Julien,2017,Advances in Neural Information Processing Systems,https://papers.neurips.cc/paper/6634-on-structured-prediction-theory-with-calibrated-convex-surrogate-losses,https://papers.neurips.cc/paper/6634-on-structured-prediction-theory-with-calibrated-convex-surrogate-losses,primary_publication,publisher_record_checked,full_text_or_claim_sections_checked,2026-09-20
struminsky2018,Quantifying Learning Guarantees for Convex but Inconsistent Surrogates,Kirill Struminsky and Simon Lacoste-Julien and Anton Osokin,2018,Advances in Neural Information Processing Systems,https://arxiv.org/abs/1810.11544,https://arxiv.org/abs/1810.11544,primary_publication,publisher_record_checked,full_text_or_claim_sections_checked,2026-09-20
cheng2010,Predicting Partial Orders: Ranking with Abstention,"Weiwei Cheng and Micha{\""e}l Rademaker and Bernard De Baets and Eyke H{\""u}llermeier",2010,Machine Learning and Knowledge Discovery in Databases,doi:10.1007/978-3-642-15880-3_20,https://doi.org/10.1007/978-3-642-15880-3_20,primary_publication,publisher_record_checked,full_text_or_claim_sections_checked,2026-09-16
mcsherry2008,Computing Information Retrieval Performance Measures Efficiently in the Presence of Tied Scores,Frank McSherry and Marc Najork,2008,Advances in Information Retrieval,doi:10.1007/978-3-540-78646-7_38,https://doi.org/10.1007/978-3-540-78646-7_38,primary_publication,publisher_record_checked,full_text_or_claim_sections_checked,2026-09-16
mao2023,Ranking with Abstention,Anqi Mao and Mehryar Mohri and Yutao Zhong,2023,ICML Workshop on the Many Facets of Preference-Based Learning; arXiv:2307.02035,arxiv:2307.02035,https://arxiv.org/abs/2307.02035,official_preprint,primary_record_checked,abstract_and_relevant_passage_checked,2026-09-20
gisserot2024,Towards Trustworthy Reranking: A Simple yet Effective Abstention Mechanism,Hippolyte Gisserot-Boukhlef and Manuel Faysse and Emmanuel Malherbe and C{\'e}line Hudelot and Pierre Colombo,2024,Transactions on Machine Learning Research,https://openreview.net/forum?id=iMKUMWfRIj,https://openreview.net/forum?id=iMKUMWfRIj,primary_publication,publisher_record_checked,abstract_and_relevant_passage_checked,2026-09-20
finocchiaro2022,The Structured Abstain Problem and the {Lov{\'a}sz} Hinge,Jessica J. Finocchiaro and Rafael Frongillo and Enrique B. Nueve,2022,Proceedings of the 35th Conference on Learning Theory,https://proceedings.mlr.press/v178/finocchiaro22a.html,https://proceedings.mlr.press/v178/finocchiaro22a.html,primary_publication,publisher_record_checked,full_text_or_claim_sections_checked,2026-09-20
finocchiaro2024,An Embedding Framework for the Design and Analysis of Consistent Polyhedral Surrogates,Jessica J. Finocchiaro and Rafael Frongillo and Bo Waggoner,2024,Journal of Machine Learning Research,https://jmlr.org/papers/v25/22-0743.html,https://jmlr.org/papers/v25/22-0743.html,primary_publication,publisher_record_checked,full_text_or_claim_sections_checked,2026-09-16
ciliberto2020,A General Framework for Consistent Structured Prediction with Implicit Loss Embeddings,Carlo Ciliberto and Lorenzo Rosasco and Alessandro Rudi,2020,Journal of Machine Learning Research,https://jmlr.org/papers/v21/20-097.html,https://jmlr.org/papers/v21/20-097.html,primary_publication,publisher_record_checked,full_text_or_claim_sections_checked,2026-09-16
reid2010,Composite Binary Losses,Mark D. Reid and Robert C. Williamson,2010,Journal of Machine Learning Research,https://jmlr.org/papers/v11/reid10a.html,https://jmlr.org/papers/v11/reid10a.html,primary_publication,publisher_record_checked,abstract_and_relevant_passage_checked,2026-09-16
williamson2016,Composite Multiclass Losses,Robert C. Williamson and Elodie Vernet and Mark D. Reid,2016,Journal of Machine Learning Research,https://jmlr.org/papers/v17/14-294.html,https://jmlr.org/papers/v17/14-294.html,primary_publication,publisher_record_checked,abstract_and_relevant_passage_checked,2026-09-16
tewari2007,On the Consistency of Multiclass Classification Methods,Ambuj Tewari and Peter L. Bartlett,2007,Journal of Machine Learning Research,https://jmlr.org/papers/v8/tewari07a.html,https://jmlr.org/papers/v8/tewari07a.html,primary_publication,publisher_record_checked,abstract_and_relevant_passage_checked,2026-09-16
zhang2004,Statistical Analysis of Some Multi-Category Large Margin Classification Methods,Tong Zhang,2004,Journal of Machine Learning Research,https://jmlr.org/papers/v5/zhang04b.html,https://jmlr.org/papers/v5/zhang04b.html,primary_publication,publisher_record_checked,abstract_and_relevant_passage_checked,2026-09-16
agarwal2014,Surrogate Regret Bounds for Bipartite Ranking via Strongly Proper Losses,Shivani Agarwal,2014,Journal of Machine Learning Research,https://jmlr.org/papers/v15/agarwal14b.html,https://jmlr.org/papers/v15/agarwal14b.html,primary_publication,publisher_record_checked,abstract_and_relevant_passage_checked,2026-09-16
franc2023,Optimal Strategies for Reject Option Classifiers,Vojt{\v e}ch Franc and Daniel Pr{\r u}{\v s}a and V{\'\i}t Vor{\'a}{\v c}ek,2023,Journal of Machine Learning Research,https://jmlr.org/papers/v24/21-0048.html,https://jmlr.org/papers/v24/21-0048.html,primary_publication,publisher_record_checked,abstract_and_relevant_passage_checked,2026-09-16
blondel2020,Learning with {Fenchel--Young} Losses,Mathieu Blondel and Andr{\'e} F. T. Martins and Vlad Niculae,2020,Journal of Machine Learning Research,https://jmlr.org/papers/v21/19-021.html,https://jmlr.org/papers/v21/19-021.html,primary_publication,publisher_record_checked,abstract_and_relevant_passage_checked,2026-09-16
pedregosa2017,On the Consistency of Ordinal Regression Methods,Fabian Pedregosa and Francis Bach and Alexandre Gramfort,2017,Journal of Machine Learning Research,https://jmlr.org/papers/v18/15-495.html,https://jmlr.org/papers/v18/15-495.html,primary_publication,publisher_record_checked,abstract_and_relevant_passage_checked,2026-09-16
waegeman2014,On the Bayes-Optimality of {$F$}-Measure Maximizers,"Willem Waegeman and Krzysztof Dembczy{\'n}ski and Arkadiusz Jachnik and Weiwei Cheng and Eyke H{\""u}llermeier",2014,Journal of Machine Learning Research,https://jmlr.org/papers/v15/waegeman14a.html,https://jmlr.org/papers/v15/waegeman14a.html,primary_publication,publisher_record_checked,full_text_or_claim_sections_checked,2026-09-16
finocchiaro2025cost,Contrasting Cost-Agnostic and Cost-Sensitive Losses under Limited Model Capacity via {$\mathcal H$}-Consistency,Jessica J. Finocchiaro and Sanket Shah and Milind Tambe,2025,"arXiv:2502.19522, revised August 2026",arxiv:2502.19522,https://arxiv.org/abs/2502.19522,official_preprint,primary_record_checked,full_text_or_claim_sections_checked,2026-09-20
zhang2026,Exact Rank and Convex Calibration Dimension Lower Bounds for the Multi-Label {$F_1$} Loss,Mingyuan Zhang,2026,arXiv:2608.08399,arxiv:2608.08399,https://arxiv.org/abs/2608.08399,official_preprint,primary_record_checked,full_text_or_claim_sections_checked,2026-09-20
bartlett2006,"Convexity, Classification, and Risk Bounds",Peter L. Bartlett and Michael I. Jordan and Jon D. McAuliffe,2006,Journal of the American Statistical Association,https://doi.org/10.1198/016214505000000907,https://doi.org/10.1198/016214505000000907,primary_publication,publisher_record_checked,abstract_and_relevant_passage_checked,2026-09-16
lambert2008,Eliciting Properties of Probability Distributions,Nicolas S. Lambert and David M. Pennock and Yoav Shoham,2008,Proceedings of the 9th ACM Conference on Electronic Commerce,https://doi.org/10.1145/1386790.1386813,https://doi.org/10.1145/1386790.1386813,primary_publication,publisher_record_checked,abstract_and_relevant_passage_checked,2026-09-16
frongillo2015,Vector-Valued Property Elicitation,Rafael M. Frongillo and Ian A. Kash,2015,Proceedings of the 28th Conference on Learning Theory,https://proceedings.mlr.press/v40/Frongillo15.html,https://proceedings.mlr.press/v40/Frongillo15.html,primary_publication,publisher_record_checked,full_text_or_claim_sections_checked,2026-09-16
nowakvila2019,A General Theory for Structured Prediction with Smooth Convex Surrogates,Alex Nowak-Vila and Francis Bach and Alessandro Rudi,2019,arXiv:1902.01958,arxiv:1902.01958,https://arxiv.org/abs/1902.01958,official_preprint,primary_record_checked,full_text_or_claim_sections_checked,2026-09-16
zhang2020f,Convex Calibrated Surrogates for the Multi-Label {$F$}-Measure,Mingyuan Zhang and Harish G. Ramaswamy and Shivani Agarwal,2020,Proceedings of the 37th International Conference on Machine Learning,https://proceedings.mlr.press/v119/zhang20w.html,https://proceedings.mlr.press/v119/zhang20w.html,primary_publication,publisher_record_checked,full_text_or_claim_sections_checked,2026-09-16
chow1970,On Optimum Recognition Error and Reject Tradeoff,C. K. Chow,1970,IEEE Transactions on Information Theory,https://doi.org/10.1109/TIT.1970.1054406,https://doi.org/10.1109/TIT.1970.1054406,primary_publication,publisher_record_checked,abstract_and_relevant_passage_checked,2026-09-16
herbei2006,Classification with Reject Option,Radu Herbei and Marten H. Wegkamp,2006,Canadian Journal of Statistics,https://doi.org/10.1002/cjs.5550340407,https://doi.org/10.1002/cjs.5550340407,primary_publication,publisher_record_checked,abstract_and_relevant_passage_checked,2026-09-16
bartlettwegkamp2008,Classification with a Reject Option Using a Hinge Loss,Peter L. Bartlett and Marten H. Wegkamp,2008,Journal of Machine Learning Research,https://jmlr.org/papers/v9/bartlett08a.html,https://jmlr.org/papers/v9/bartlett08a.html,primary_publication,publisher_record_checked,abstract_and_relevant_passage_checked,2026-09-16
elyaniv2010,On the Foundations of Noise-Free Selective Classification,Ran El-Yaniv and Yair Wiener,2010,Journal of Machine Learning Research,https://jmlr.org/papers/v11/elyaniv10a.html,https://jmlr.org/papers/v11/elyaniv10a.html,primary_publication,publisher_record_checked,abstract_and_relevant_passage_checked,2026-09-16
yuan2010,Classification Methods with Reject Option Based on Convex Risk Minimization,Ming Yuan and Marten Wegkamp,2010,Journal of Machine Learning Research,https://jmlr.org/papers/v11/yuan10a.html,https://jmlr.org/papers/v11/yuan10a.html,primary_publication,publisher_record_checked,abstract_and_relevant_passage_checked,2026-09-16
cortes2016,Learning with Rejection,Corinna Cortes and Giulia DeSalvo and Mehryar Mohri,2016,Algorithmic Learning Theory,https://doi.org/10.1007/978-3-319-46379-7_5,https://doi.org/10.1007/978-3-319-46379-7_5,primary_publication,publisher_record_checked,abstract_and_relevant_passage_checked,2026-09-16
ramaswamy2018reject,Consistent Algorithms for Multiclass Classification with an Abstain Option,Harish G. Ramaswamy and Ambuj Tewari and Shivani Agarwal,2018,Electronic Journal of Statistics,https://doi.org/10.1214/17-EJS1386,https://doi.org/10.1214/17-EJS1386,primary_publication,publisher_record_checked,abstract_and_relevant_passage_checked,2026-09-16
mozannar2020,Consistent Estimators for Learning to Defer to an Expert,Hussein Mozannar and David Sontag,2020,Proceedings of the 37th International Conference on Machine Learning,https://proceedings.mlr.press/v119/mozannar20b.html,https://proceedings.mlr.press/v119/mozannar20b.html,primary_publication,publisher_record_checked,abstract_and_relevant_passage_checked,2026-09-16
verma2022,Calibrated Learning to Defer with One-vs-All Classifiers,Rajeev Verma and Eric Nalisnick,2022,Proceedings of the 39th International Conference on Machine Learning,https://proceedings.mlr.press/v162/verma22a.html,https://proceedings.mlr.press/v162/verma22a.html,primary_publication,publisher_record_checked,abstract_and_relevant_passage_checked,2026-09-16
clemencon2008,Ranking and Empirical Minimization of {$U$}-Statistics,St{\'e}phan Cl{\'e}men{\c c}on and G{\'a}bor Lugosi and Nicolas Vayatis,2008,The Annals of Statistics,https://doi.org/10.1214/009053607000000910,https://doi.org/10.1214/009053607000000910,primary_publication,publisher_record_checked,abstract_and_relevant_passage_checked,2026-09-16
cossock2008,Statistical Analysis of Bayes Optimal Subset Ranking,David Cossock and Tong Zhang,2008,IEEE Transactions on Information Theory,https://doi.org/10.1109/TIT.2008.929939,https://doi.org/10.1109/TIT.2008.929939,primary_publication,publisher_record_checked,abstract_and_relevant_passage_checked,2026-09-16
duchi2010,On the Consistency of Ranking Algorithms,John C. Duchi and Lester W. Mackey and Michael I. Jordan,2010,Proceedings of the 27th International Conference on Machine Learning,https://icml.cc/Conferences/2010/papers/421.pdf,https://icml.cc/Conferences/2010/papers/421.pdf,primary_publication,publisher_record_checked,full_text_or_claim_sections_checked,2026-09-16
ravikumar2011,On {NDCG} Consistency of Listwise Ranking Methods,Pradeep Ravikumar and Ambuj Tewari and Eunho Yang,2011,Proceedings of the 14th International Conference on Artificial Intelligence and Statistics,https://proceedings.mlr.press/v15/ravikumar11a.html,https://proceedings.mlr.press/v15/ravikumar11a.html,primary_publication,publisher_record_checked,full_text_or_claim_sections_checked,2026-09-16
kotlowski2011,Bipartite Ranking through Minimization of Univariate Loss,"Wojciech Kot{\l}owski and Krzysztof Dembczy{\'n}ski and Eyke H{\""u}llermeier",2011,Proceedings of the 28th International Conference on Machine Learning,https://icml.cc/2011/papers/567_icmlpaper.pdf,https://icml.cc/2011/papers/567_icmlpaper.pdf,primary_publication,publisher_record_checked,abstract_and_relevant_passage_checked,2026-09-16
menon2016,Bipartite Ranking: A Risk-Theoretic Perspective,Aditya Krishna Menon and Robert C. Williamson,2016,Journal of Machine Learning Research,https://jmlr.org/papers/v17/14-488.html,https://jmlr.org/papers/v17/14-488.html,primary_publication,publisher_record_checked,abstract_and_relevant_passage_checked,2026-09-16
yang2020,On the Consistency of Top-{$k$} Surrogate Losses,Forest Yang and Sanmi Koyejo,2020,Proceedings of the 37th International Conference on Machine Learning,https://proceedings.mlr.press/v119/yang20f.html,https://proceedings.mlr.press/v119/yang20f.html,primary_publication,publisher_record_checked,full_text_or_claim_sections_checked,2026-09-16
freund2003,An Efficient Boosting Algorithm for Combining Preferences,Yoav Freund and Raj Iyer and Robert E. Schapire and Yoram Singer,2003,Journal of Machine Learning Research,https://jmlr.org/papers/v4/freund03a.html,https://jmlr.org/papers/v4/freund03a.html,primary_publication,publisher_record_checked,abstract_and_relevant_passage_checked,2026-09-16
hullermeier2008,Label Ranking by Learning Pairwise Preferences,"Eyke H{\""u}llermeier and Johannes F{\""u}rnkranz and Weiwei Cheng and Klaus Brinker",2008,Artificial Intelligence,https://doi.org/10.1016/j.artint.2008.08.002,https://doi.org/10.1016/j.artint.2008.08.002,primary_publication,publisher_record_checked,abstract_and_relevant_passage_checked,2026-09-16
fagin2003,Comparing Top {$k$} Lists,Ronald Fagin and Ravi Kumar and D. Sivakumar,2003,SIAM Journal on Discrete Mathematics,https://doi.org/10.1137/S0895480102412856,https://doi.org/10.1137/S0895480102412856,primary_publication,publisher_record_checked,abstract_and_relevant_passage_checked,2026-09-16
burges2005,Learning to Rank Using Gradient Descent,Chris Burges and Tal Shaked and Erin Renshaw and Ari Lazier and Matt Deeds and Nicole Hamilton and Greg Hullender,2005,Proceedings of the 22nd International Conference on Machine Learning,https://doi.org/10.1145/1102351.1102363,https://doi.org/10.1145/1102351.1102363,primary_publication,publisher_record_checked,abstract_and_relevant_passage_checked,2026-09-16
cao2007,Learning to Rank: From Pairwise Approach to Listwise Approach,Zhe Cao and Tao Qin and Tie-Yan Liu and Ming-Feng Tsai and Hang Li,2007,Proceedings of the 24th International Conference on Machine Learning,https://doi.org/10.1145/1273496.1273513,https://doi.org/10.1145/1273496.1273513,primary_publication,publisher_record_checked,abstract_and_relevant_passage_checked,2026-09-16
xu2007,{AdaRank}: A Boosting Algorithm for Information Retrieval,Jun Xu and Hang Li,2007,Proceedings of the 30th Annual International ACM SIGIR Conference on Research and Development in Information Retrieval,https://doi.org/10.1145/1277741.1277809,https://doi.org/10.1145/1277741.1277809,primary_publication,publisher_record_checked,abstract_and_relevant_passage_checked,2026-09-16
xia2008,Listwise Approach to Learning to Rank: Theory and Algorithm,Fen Xia and Tie-Yan Liu and Jue Wang and Wensheng Zhang and Hang Li,2008,Proceedings of the 25th International Conference on Machine Learning,https://doi.org/10.1145/1390156.1390306,https://doi.org/10.1145/1390156.1390306,primary_publication,publisher_record_checked,abstract_and_relevant_passage_checked,2026-09-16
taylor2008,{SoftRank}: Optimising Non-Smooth Rank Metrics,Michael Taylor and John Guiver and Stephen Robertson and Tom Minka,2008,Proceedings of the First ACM International Conference on Web Search and Data Mining,https://doi.org/10.1145/1341531.1341544,https://doi.org/10.1145/1341531.1341544,primary_publication,publisher_record_checked,abstract_and_relevant_passage_checked,2026-09-16
qin2010,A General Approximation Framework for Direct Optimization of Information Retrieval Measures,Tao Qin and Tie-Yan Liu and Hang Li,2010,Information Retrieval,https://doi.org/10.1007/s10791-009-9124-x,https://doi.org/10.1007/s10791-009-9124-x,primary_publication,publisher_record_checked,abstract_and_relevant_passage_checked,2026-09-16
revaud2019,Learning with Average Precision: Training Image Retrieval with a Listwise Loss,J{\'e}r{\^o}me Revaud and Jon Almaz{\'a}n and Rafael S. Rezende and C{\'e}sar Roberto de Souza,2019,Proceedings of the IEEE/CVF International Conference on Computer Vision,https://openaccess.thecvf.com/content_ICCV_2019/html/Revaud_Learning_With_Average_Precision_Training_Image_Retrieval_With_a_Listwise_ICCV_2019_paper.html,https://openaccess.thecvf.com/content_ICCV_2019/html/Revaud_Learning_With_Average_Precision_Training_Image_Retrieval_With_a_Listwise_ICCV_2019_paper.html,primary_publication,publisher_record_checked,abstract_and_relevant_passage_checked,2026-09-16
brown2020,{Smooth-AP}: Smoothing the Path Towards Large-Scale Image Retrieval,Andrew Brown and Weidi Xie and Vicky Kalogeiton and Andrew Zisserman,2020,Computer Vision--ECCV 2020,https://doi.org/10.1007/978-3-030-58548-8_40,https://doi.org/10.1007/978-3-030-58548-8_40,primary_publication,publisher_record_checked,abstract_and_relevant_passage_checked,2026-09-16
dembczynski2011,An Exact Algorithm for {$F$}-Measure Maximization,"Krzysztof J. Dembczy{\'n}ski and Willem Waegeman and Weiwei Cheng and Eyke H{\""u}llermeier",2011,Advances in Neural Information Processing Systems,https://proceedings.neurips.cc/paper/2011/hash/71ad16ad2c4d81f348082ff6c4b20768-Abstract.html,https://proceedings.neurips.cc/paper/2011/hash/71ad16ad2c4d81f348082ff6c4b20768-Abstract.html,primary_publication,publisher_record_checked,full_text_or_claim_sections_checked,2026-09-16
koyejo2014,Consistent Binary Classification with Generalized Performance Metrics,Oluwasanmi O. Koyejo and Nagarajan Natarajan and Pradeep K. Ravikumar and Inderjit S. Dhillon,2014,Advances in Neural Information Processing Systems,https://proceedings.neurips.cc/paper_files/paper/2014/hash/98053046e0dce5c7d946c67b96a85e18-Abstract.html,https://proceedings.neurips.cc/paper_files/paper/2014/hash/98053046e0dce5c7d946c67b96a85e18-Abstract.html,primary_publication,publisher_record_checked,abstract_and_relevant_passage_checked,2026-09-16
narasimhan2015,Consistent Multiclass Algorithms for Complex Performance Measures,Harikrishna Narasimhan and Harish G. Ramaswamy and Aadirupa Saha and Shivani Agarwal,2015,Proceedings of the 32nd International Conference on Machine Learning,https://proceedings.mlr.press/v37/narasimhanb15.html,https://proceedings.mlr.press/v37/narasimhanb15.html,primary_publication,publisher_record_checked,abstract_and_relevant_passage_checked,2026-09-16
narasimhan2024,Consistent Multiclass Algorithms for Complex Metrics and Constraints,Harikrishna Narasimhan and Harish G. Ramaswamy and Shiv Kumar Tavker and Drona Khurana and Praneeth Netrapalli and Shivani Agarwal,2024,Journal of Machine Learning Research,https://jmlr.org/papers/v25/22-1137.html,https://jmlr.org/papers/v25/22-1137.html,primary_publication,publisher_record_checked,abstract_and_relevant_passage_checked,2026-09-16
nowak2019sharp,Sharp Analysis of Learning with Discrete Losses,Alex Nowak and Francis Bach and Alessandro Rudi,2019,Proceedings of the Twenty-Second International Conference on Artificial Intelligence and Statistics,https://proceedings.mlr.press/v89/nowak19a.html,https://proceedings.mlr.press/v89/nowak19a.html,primary_publication,publisher_record_checked,full_text_or_claim_sections_checked,2026-09-16
wang2020ordered,Weston--Watkins Hinge Loss and Ordered Partitions,Yutong Wang and Clayton D. Scott,2020,Advances in Neural Information Processing Systems,https://proceedings.neurips.cc/paper/2020/hash/e5e6851e7f7ffd3530e7389e183aa468-Abstract.html,https://proceedings.neurips.cc/paper/2020/hash/e5e6851e7f7ffd3530e7389e183aa468-Abstract.html,primary_publication,publisher_record_checked,full_text_or_claim_sections_checked,2026-09-16
ferrara2026,Bounded-Abstention Pairwise Learning to Rank,Antonio Ferrara and Andrea Pugnana and Francesco Bonchi and Salvatore Ruggieri,2026,Proceedings of the 32nd ACM SIGKDD Conference on Knowledge Discovery and Data Mining,doi:10.1145/3770855.3817918,https://doi.org/10.1145/3770855.3817918,primary_publication,publisher_record_checked,full_text_or_claim_sections_checked,2026-09-20
derr2026,Three Types of Calibration Using Properties and Their Semantic and Formal Relationships,Rabanus Derr and Jessie Finocchiaro and Robert C. Williamson,2026,Journal of Machine Learning Research,https://www.jmlr.org/papers/v27/25-1064.html,https://www.jmlr.org/papers/v27/25-1064.html,primary_publication,publisher_record_checked,full_text_or_claim_sections_checked,2026-09-20
