action,y1,y2,y3,y4,y5,y6,y7,y8,y9,y10,y11,y12,y13,y14,y15,y16,y17,y18,y19,y20,y21,y22,y23,y24,y25,y26,y27,y28,y29,y30,y31
1|2|3|4|5,1,1/2,1,1/3,5/6,7/12,1,1/4,3/4,1/2,11/12,5/12,29/36,23/36,1,1/5,7/10,9/20,13/15,11/30,34/45,53/90,19/20,13/40,7/10,8/15,71/80,43/90,193/240,163/240,1
1|2|3|5|4,1,1/2,1,1/3,5/6,7/12,1,1/5,7/10,9/20,13/15,11/30,34/45,53/90,19/20,1/4,3/4,1/2,11/12,5/12,29/36,23/36,1,13/40,7/10,8/15,71/80,43/90,193/240,163/240,1
"1|2|3|4,5",1,1/2,1,1/3,5/6,7/12,1,1/4,3/4,1/2,11/12,5/12,29/36,23/36,1,1/4,3/4,1/2,11/12,5/12,29/36,23/36,1,13/40,7/10,8/15,71/80,43/90,193/240,163/240,1
1|2|4|3|5,1,1/2,1,1/4,3/4,1/2,11/12,1/3,5/6,7/12,1,5/12,29/36,23/36,1,1/5,7/10,9/20,13/15,13/40,7/10,8/15,71/80,11/30,34/45,53/90,19/20,43/90,193/240,163/240,1
1|2|4|5|3,1,1/2,1,1/5,7/10,9/20,13/15,1/3,5/6,7/12,1,11/30,34/45,53/90,19/20,1/4,3/4,1/2,11/12,13/40,7/10,8/15,71/80,5/12,29/36,23/36,1,43/90,193/240,163/240,1
"1|2|4|3,5",1,1/2,1,1/4,3/4,1/2,11/12,1/3,5/6,7/12,1,5/12,29/36,23/36,1,1/4,3/4,1/2,11/12,13/40,7/10,8/15,71/80,5/12,29/36,23/36,1,43/90,193/240,163/240,1
1|2|5|3|4,1,1/2,1,1/4,3/4,1/2,11/12,1/5,7/10,9/20,13/15,13/40,7/10,8/15,71/80,1/3,5/6,7/12,1,5/12,29/36,23/36,1,11/30,34/45,53/90,19/20,43/90,193/240,163/240,1
1|2|5|4|3,1,1/2,1,1/5,7/10,9/20,13/15,1/4,3/4,1/2,11/12,13/40,7/10,8/15,71/80,1/3,5/6,7/12,1,11/30,34/45,53/90,19/20,5/12,29/36,23/36,1,43/90,193/240,163/240,1
"1|2|5|3,4",1,1/2,1,1/4,3/4,1/2,11/12,1/4,3/4,1/2,11/12,13/40,7/10,8/15,71/80,1/3,5/6,7/12,1,5/12,29/36,23/36,1,5/12,29/36,23/36,1,43/90,193/240,163/240,1
"1|2|3,4|5",1,1/2,1,1/3,5/6,7/12,1,1/3,5/6,7/12,1,5/12,29/36,23/36,1,1/5,7/10,9/20,13/15,11/30,34/45,53/90,19/20,11/30,34/45,53/90,19/20,43/90,193/240,163/240,1
"1|2|3,5|4",1,1/2,1,1/3,5/6,7/12,1,1/5,7/10,9/20,13/15,11/30,34/45,53/90,19/20,1/3,5/6,7/12,1,5/12,29/36,23/36,1,11/30,34/45,53/90,19/20,43/90,193/240,163/240,1
"1|2|4,5|3",1,1/2,1,1/5,7/10,9/20,13/15,1/3,5/6,7/12,1,11/30,34/45,53/90,19/20,1/3,5/6,7/12,1,11/30,34/45,53/90,19/20,5/12,29/36,23/36,1,43/90,193/240,163/240,1
"1|2|3,4,5",1,1/2,1,1/3,5/6,7/12,1,1/3,5/6,7/12,1,5/12,29/36,23/36,1,1/3,5/6,7/12,1,5/12,29/36,23/36,1,5/12,29/36,23/36,1,43/90,193/240,163/240,1
1|3|2|4|5,1,1/3,5/6,1/2,1,7/12,1,1/4,3/4,5/12,29/36,1/2,11/12,23/36,1,1/5,7/10,11/30,34/45,9/20,13/15,53/90,19/20,13/40,7/10,43/90,193/240,8/15,71/80,163/240,1
1|3|2|5|4,1,1/3,5/6,1/2,1,7/12,1,1/5,7/10,11/30,34/45,9/20,13/15,53/90,19/20,1/4,3/4,5/12,29/36,1/2,11/12,23/36,1,13/40,7/10,43/90,193/240,8/15,71/80,163/240,1
"1|3|2|4,5",1,1/3,5/6,1/2,1,7/12,1,1/4,3/4,5/12,29/36,1/2,11/12,23/36,1,1/4,3/4,5/12,29/36,1/2,11/12,23/36,1,13/40,7/10,43/90,193/240,8/15,71/80,163/240,1
1|3|4|2|5,1,1/4,3/4,1/2,1,1/2,11/12,1/3,5/6,5/12,29/36,7/12,1,23/36,1,1/5,7/10,13/40,7/10,9/20,13/15,8/15,71/80,11/30,34/45,43/90,193/240,53/90,19/20,163/240,1
1|3|4|5|2,1,1/5,7/10,1/2,1,9/20,13/15,1/3,5/6,11/30,34/45,7/12,1,53/90,19/20,1/4,3/4,13/40,7/10,1/2,11/12,8/15,71/80,5/12,29/36,43/90,193/240,23/36,1,163/240,1
"1|3|4|2,5",1,1/4,3/4,1/2,1,1/2,11/12,1/3,5/6,5/12,29/36,7/12,1,23/36,1,1/4,3/4,13/40,7/10,1/2,11/12,8/15,71/80,5/12,29/36,43/90,193/240,23/36,1,163/240,1
1|3|5|2|4,1,1/4,3/4,1/2,1,1/2,11/12,1/5,7/10,13/40,7/10,9/20,13/15,8/15,71/80,1/3,5/6,5/12,29/36,7/12,1,23/36,1,11/30,34/45,43/90,193/240,53/90,19/20,163/240,1
1|3|5|4|2,1,1/5,7/10,1/2,1,9/20,13/15,1/4,3/4,13/40,7/10,1/2,11/12,8/15,71/80,1/3,5/6,11/30,34/45,7/12,1,53/90,19/20,5/12,29/36,43/90,193/240,23/36,1,163/240,1
"1|3|5|2,4",1,1/4,3/4,1/2,1,1/2,11/12,1/4,3/4,13/40,7/10,1/2,11/12,8/15,71/80,1/3,5/6,5/12,29/36,7/12,1,23/36,1,5/12,29/36,43/90,193/240,23/36,1,163/240,1
"1|3|2,4|5",1,1/3,5/6,1/2,1,7/12,1,1/3,5/6,5/12,29/36,7/12,1,23/36,1,1/5,7/10,11/30,34/45,9/20,13/15,53/90,19/20,11/30,34/45,43/90,193/240,53/90,19/20,163/240,1
"1|3|2,5|4",1,1/3,5/6,1/2,1,7/12,1,1/5,7/10,11/30,34/45,9/20,13/15,53/90,19/20,1/3,5/6,5/12,29/36,7/12,1,23/36,1,11/30,34/45,43/90,193/240,53/90,19/20,163/240,1
"1|3|4,5|2",1,1/5,7/10,1/2,1,9/20,13/15,1/3,5/6,11/30,34/45,7/12,1,53/90,19/20,1/3,5/6,11/30,34/45,7/12,1,53/90,19/20,5/12,29/36,43/90,193/240,23/36,1,163/240,1
"1|3|2,4,5",1,1/3,5/6,1/2,1,7/12,1,1/3,5/6,5/12,29/36,7/12,1,23/36,1,1/3,5/6,5/12,29/36,7/12,1,23/36,1,5/12,29/36,43/90,193/240,23/36,1,163/240,1
1|4|2|3|5,1,1/3,5/6,1/4,3/4,5/12,29/36,1/2,1,7/12,1,1/2,11/12,23/36,1,1/5,7/10,11/30,34/45,13/40,7/10,43/90,193/240,9/20,13/15,53/90,19/20,8/15,71/80,163/240,1
1|4|2|5|3,1,1/3,5/6,1/5,7/10,11/30,34/45,1/2,1,7/12,1,9/20,13/15,53/90,19/20,1/4,3/4,5/12,29/36,13/40,7/10,43/90,193/240,1/2,11/12,23/36,1,8/15,71/80,163/240,1
"1|4|2|3,5",1,1/3,5/6,1/4,3/4,5/12,29/36,1/2,1,7/12,1,1/2,11/12,23/36,1,1/4,3/4,5/12,29/36,13/40,7/10,43/90,193/240,1/2,11/12,23/36,1,8/15,71/80,163/240,1
1|4|3|2|5,1,1/4,3/4,1/3,5/6,5/12,29/36,1/2,1,1/2,11/12,7/12,1,23/36,1,1/5,7/10,13/40,7/10,11/30,34/45,43/90,193/240,9/20,13/15,8/15,71/80,53/90,19/20,163/240,1
1|4|3|5|2,1,1/5,7/10,1/3,5/6,11/30,34/45,1/2,1,9/20,13/15,7/12,1,53/90,19/20,1/4,3/4,13/40,7/10,5/12,29/36,43/90,193/240,1/2,11/12,8/15,71/80,23/36,1,163/240,1
"1|4|3|2,5",1,1/4,3/4,1/3,5/6,5/12,29/36,1/2,1,1/2,11/12,7/12,1,23/36,1,1/4,3/4,13/40,7/10,5/12,29/36,43/90,193/240,1/2,11/12,8/15,71/80,23/36,1,163/240,1
1|4|5|2|3,1,1/4,3/4,1/5,7/10,13/40,7/10,1/2,1,1/2,11/12,9/20,13/15,8/15,71/80,1/3,5/6,5/12,29/36,11/30,34/45,43/90,193/240,7/12,1,23/36,1,53/90,19/20,163/240,1
1|4|5|3|2,1,1/5,7/10,1/4,3/4,13/40,7/10,1/2,1,9/20,13/15,1/2,11/12,8/15,71/80,1/3,5/6,11/30,34/45,5/12,29/36,43/90,193/240,7/12,1,53/90,19/20,23/36,1,163/240,1
"1|4|5|2,3",1,1/4,3/4,1/4,3/4,13/40,7/10,1/2,1,1/2,11/12,1/2,11/12,8/15,71/80,1/3,5/6,5/12,29/36,5/12,29/36,43/90,193/240,7/12,1,23/36,1,23/36,1,163/240,1
"1|4|2,3|5",1,1/3,5/6,1/3,5/6,5/12,29/36,1/2,1,7/12,1,7/12,1,23/36,1,1/5,7/10,11/30,34/45,11/30,34/45,43/90,193/240,9/20,13/15,53/90,19/20,53/90,19/20,163/240,1
"1|4|2,5|3",1,1/3,5/6,1/5,7/10,11/30,34/45,1/2,1,7/12,1,9/20,13/15,53/90,19/20,1/3,5/6,5/12,29/36,11/30,34/45,43/90,193/240,7/12,1,23/36,1,53/90,19/20,163/240,1
"1|4|3,5|2",1,1/5,7/10,1/3,5/6,11/30,34/45,1/2,1,9/20,13/15,7/12,1,53/90,19/20,1/3,5/6,11/30,34/45,5/12,29/36,43/90,193/240,7/12,1,53/90,19/20,23/36,1,163/240,1
"1|4|2,3,5",1,1/3,5/6,1/3,5/6,5/12,29/36,1/2,1,7/12,1,7/12,1,23/36,1,1/3,5/6,5/12,29/36,5/12,29/36,43/90,193/240,7/12,1,23/36,1,23/36,1,163/240,1
1|5|2|3|4,1,1/3,5/6,1/4,3/4,5/12,29/36,1/5,7/10,11/30,34/45,13/40,7/10,43/90,193/240,1/2,1,7/12,1,1/2,11/12,23/36,1,9/20,13/15,53/90,19/20,8/15,71/80,163/240,1
1|5|2|4|3,1,1/3,5/6,1/5,7/10,11/30,34/45,1/4,3/4,5/12,29/36,13/40,7/10,43/90,193/240,1/2,1,7/12,1,9/20,13/15,53/90,19/20,1/2,11/12,23/36,1,8/15,71/80,163/240,1
"1|5|2|3,4",1,1/3,5/6,1/4,3/4,5/12,29/36,1/4,3/4,5/12,29/36,13/40,7/10,43/90,193/240,1/2,1,7/12,1,1/2,11/12,23/36,1,1/2,11/12,23/36,1,8/15,71/80,163/240,1
1|5|3|2|4,1,1/4,3/4,1/3,5/6,5/12,29/36,1/5,7/10,13/40,7/10,11/30,34/45,43/90,193/240,1/2,1,1/2,11/12,7/12,1,23/36,1,9/20,13/15,8/15,71/80,53/90,19/20,163/240,1
1|5|3|4|2,1,1/5,7/10,1/3,5/6,11/30,34/45,1/4,3/4,13/40,7/10,5/12,29/36,43/90,193/240,1/2,1,9/20,13/15,7/12,1,53/90,19/20,1/2,11/12,8/15,71/80,23/36,1,163/240,1
"1|5|3|2,4",1,1/4,3/4,1/3,5/6,5/12,29/36,1/4,3/4,13/40,7/10,5/12,29/36,43/90,193/240,1/2,1,1/2,11/12,7/12,1,23/36,1,1/2,11/12,8/15,71/80,23/36,1,163/240,1
1|5|4|2|3,1,1/4,3/4,1/5,7/10,13/40,7/10,1/3,5/6,5/12,29/36,11/30,34/45,43/90,193/240,1/2,1,1/2,11/12,9/20,13/15,8/15,71/80,7/12,1,23/36,1,53/90,19/20,163/240,1
1|5|4|3|2,1,1/5,7/10,1/4,3/4,13/40,7/10,1/3,5/6,11/30,34/45,5/12,29/36,43/90,193/240,1/2,1,9/20,13/15,1/2,11/12,8/15,71/80,7/12,1,53/90,19/20,23/36,1,163/240,1
"1|5|4|2,3",1,1/4,3/4,1/4,3/4,13/40,7/10,1/3,5/6,5/12,29/36,5/12,29/36,43/90,193/240,1/2,1,1/2,11/12,1/2,11/12,8/15,71/80,7/12,1,23/36,1,23/36,1,163/240,1
"1|5|2,3|4",1,1/3,5/6,1/3,5/6,5/12,29/36,1/5,7/10,11/30,34/45,11/30,34/45,43/90,193/240,1/2,1,7/12,1,7/12,1,23/36,1,9/20,13/15,53/90,19/20,53/90,19/20,163/240,1
"1|5|2,4|3",1,1/3,5/6,1/5,7/10,11/30,34/45,1/3,5/6,5/12,29/36,11/30,34/45,43/90,193/240,1/2,1,7/12,1,9/20,13/15,53/90,19/20,7/12,1,23/36,1,53/90,19/20,163/240,1
"1|5|3,4|2",1,1/5,7/10,1/3,5/6,11/30,34/45,1/3,5/6,11/30,34/45,5/12,29/36,43/90,193/240,1/2,1,9/20,13/15,7/12,1,53/90,19/20,7/12,1,53/90,19/20,23/36,1,163/240,1
"1|5|2,3,4",1,1/3,5/6,1/3,5/6,5/12,29/36,1/3,5/6,5/12,29/36,5/12,29/36,43/90,193/240,1/2,1,7/12,1,7/12,1,23/36,1,7/12,1,23/36,1,23/36,1,163/240,1
"1|2,3|4|5",1,1/2,1,1/2,1,7/12,1,1/4,3/4,1/2,11/12,1/2,11/12,23/36,1,1/5,7/10,9/20,13/15,9/20,13/15,53/90,19/20,13/40,7/10,8/15,71/80,8/15,71/80,163/240,1
"1|2,3|5|4",1,1/2,1,1/2,1,7/12,1,1/5,7/10,9/20,13/15,9/20,13/15,53/90,19/20,1/4,3/4,1/2,11/12,1/2,11/12,23/36,1,13/40,7/10,8/15,71/80,8/15,71/80,163/240,1
"1|2,3|4,5",1,1/2,1,1/2,1,7/12,1,1/4,3/4,1/2,11/12,1/2,11/12,23/36,1,1/4,3/4,1/2,11/12,1/2,11/12,23/36,1,13/40,7/10,8/15,71/80,8/15,71/80,163/240,1
"1|2,4|3|5",1,1/2,1,1/4,3/4,1/2,11/12,1/2,1,7/12,1,1/2,11/12,23/36,1,1/5,7/10,9/20,13/15,13/40,7/10,8/15,71/80,9/20,13/15,53/90,19/20,8/15,71/80,163/240,1
"1|2,4|5|3",1,1/2,1,1/5,7/10,9/20,13/15,1/2,1,7/12,1,9/20,13/15,53/90,19/20,1/4,3/4,1/2,11/12,13/40,7/10,8/15,71/80,1/2,11/12,23/36,1,8/15,71/80,163/240,1
"1|2,4|3,5",1,1/2,1,1/4,3/4,1/2,11/12,1/2,1,7/12,1,1/2,11/12,23/36,1,1/4,3/4,1/2,11/12,13/40,7/10,8/15,71/80,1/2,11/12,23/36,1,8/15,71/80,163/240,1
"1|2,5|3|4",1,1/2,1,1/4,3/4,1/2,11/12,1/5,7/10,9/20,13/15,13/40,7/10,8/15,71/80,1/2,1,7/12,1,1/2,11/12,23/36,1,9/20,13/15,53/90,19/20,8/15,71/80,163/240,1
"1|2,5|4|3",1,1/2,1,1/5,7/10,9/20,13/15,1/4,3/4,1/2,11/12,13/40,7/10,8/15,71/80,1/2,1,7/12,1,9/20,13/15,53/90,19/20,1/2,11/12,23/36,1,8/15,71/80,163/240,1
"1|2,5|3,4",1,1/2,1,1/4,3/4,1/2,11/12,1/4,3/4,1/2,11/12,13/40,7/10,8/15,71/80,1/2,1,7/12,1,1/2,11/12,23/36,1,1/2,11/12,23/36,1,8/15,71/80,163/240,1
"1|3,4|2|5",1,1/4,3/4,1/2,1,1/2,11/12,1/2,1,1/2,11/12,7/12,1,23/36,1,1/5,7/10,13/40,7/10,9/20,13/15,8/15,71/80,9/20,13/15,8/15,71/80,53/90,19/20,163/240,1
"1|3,4|5|2",1,1/5,7/10,1/2,1,9/20,13/15,1/2,1,9/20,13/15,7/12,1,53/90,19/20,1/4,3/4,13/40,7/10,1/2,11/12,8/15,71/80,1/2,11/12,8/15,71/80,23/36,1,163/240,1
"1|3,4|2,5",1,1/4,3/4,1/2,1,1/2,11/12,1/2,1,1/2,11/12,7/12,1,23/36,1,1/4,3/4,13/40,7/10,1/2,11/12,8/15,71/80,1/2,11/12,8/15,71/80,23/36,1,163/240,1
"1|3,5|2|4",1,1/4,3/4,1/2,1,1/2,11/12,1/5,7/10,13/40,7/10,9/20,13/15,8/15,71/80,1/2,1,1/2,11/12,7/12,1,23/36,1,9/20,13/15,8/15,71/80,53/90,19/20,163/240,1
"1|3,5|4|2",1,1/5,7/10,1/2,1,9/20,13/15,1/4,3/4,13/40,7/10,1/2,11/12,8/15,71/80,1/2,1,9/20,13/15,7/12,1,53/90,19/20,1/2,11/12,8/15,71/80,23/36,1,163/240,1
"1|3,5|2,4",1,1/4,3/4,1/2,1,1/2,11/12,1/4,3/4,13/40,7/10,1/2,11/12,8/15,71/80,1/2,1,1/2,11/12,7/12,1,23/36,1,1/2,11/12,8/15,71/80,23/36,1,163/240,1
"1|4,5|2|3",1,1/4,3/4,1/5,7/10,13/40,7/10,1/2,1,1/2,11/12,9/20,13/15,8/15,71/80,1/2,1,1/2,11/12,9/20,13/15,8/15,71/80,7/12,1,23/36,1,53/90,19/20,163/240,1
"1|4,5|3|2",1,1/5,7/10,1/4,3/4,13/40,7/10,1/2,1,9/20,13/15,1/2,11/12,8/15,71/80,1/2,1,9/20,13/15,1/2,11/12,8/15,71/80,7/12,1,53/90,19/20,23/36,1,163/240,1
"1|4,5|2,3",1,1/4,3/4,1/4,3/4,13/40,7/10,1/2,1,1/2,11/12,1/2,11/12,8/15,71/80,1/2,1,1/2,11/12,1/2,11/12,8/15,71/80,7/12,1,23/36,1,23/36,1,163/240,1
"1|2,3,4|5",1,1/2,1,1/2,1,7/12,1,1/2,1,7/12,1,7/12,1,23/36,1,1/5,7/10,9/20,13/15,9/20,13/15,53/90,19/20,9/20,13/15,53/90,19/20,53/90,19/20,163/240,1
"1|2,3,5|4",1,1/2,1,1/2,1,7/12,1,1/5,7/10,9/20,13/15,9/20,13/15,53/90,19/20,1/2,1,7/12,1,7/12,1,23/36,1,9/20,13/15,53/90,19/20,53/90,19/20,163/240,1
"1|2,4,5|3",1,1/2,1,1/5,7/10,9/20,13/15,1/2,1,7/12,1,9/20,13/15,53/90,19/20,1/2,1,7/12,1,9/20,13/15,53/90,19/20,7/12,1,23/36,1,53/90,19/20,163/240,1
"1|3,4,5|2",1,1/5,7/10,1/2,1,9/20,13/15,1/2,1,9/20,13/15,7/12,1,53/90,19/20,1/2,1,9/20,13/15,7/12,1,53/90,19/20,7/12,1,53/90,19/20,23/36,1,163/240,1
2|1|3|4|5,1/2,1,1,1/3,7/12,5/6,1,1/4,1/2,3/4,11/12,5/12,23/36,29/36,1,1/5,9/20,7/10,13/15,11/30,53/90,34/45,19/20,13/40,8/15,7/10,71/80,43/90,163/240,193/240,1
2|1|3|5|4,1/2,1,1,1/3,7/12,5/6,1,1/5,9/20,7/10,13/15,11/30,53/90,34/45,19/20,1/4,1/2,3/4,11/12,5/12,23/36,29/36,1,13/40,8/15,7/10,71/80,43/90,163/240,193/240,1
"2|1|3|4,5",1/2,1,1,1/3,7/12,5/6,1,1/4,1/2,3/4,11/12,5/12,23/36,29/36,1,1/4,1/2,3/4,11/12,5/12,23/36,29/36,1,13/40,8/15,7/10,71/80,43/90,163/240,193/240,1
2|1|4|3|5,1/2,1,1,1/4,1/2,3/4,11/12,1/3,7/12,5/6,1,5/12,23/36,29/36,1,1/5,9/20,7/10,13/15,13/40,8/15,7/10,71/80,11/30,53/90,34/45,19/20,43/90,163/240,193/240,1
2|1|4|5|3,1/2,1,1,1/5,9/20,7/10,13/15,1/3,7/12,5/6,1,11/30,53/90,34/45,19/20,1/4,1/2,3/4,11/12,13/40,8/15,7/10,71/80,5/12,23/36,29/36,1,43/90,163/240,193/240,1
"2|1|4|3,5",1/2,1,1,1/4,1/2,3/4,11/12,1/3,7/12,5/6,1,5/12,23/36,29/36,1,1/4,1/2,3/4,11/12,13/40,8/15,7/10,71/80,5/12,23/36,29/36,1,43/90,163/240,193/240,1
2|1|5|3|4,1/2,1,1,1/4,1/2,3/4,11/12,1/5,9/20,7/10,13/15,13/40,8/15,7/10,71/80,1/3,7/12,5/6,1,5/12,23/36,29/36,1,11/30,53/90,34/45,19/20,43/90,163/240,193/240,1
2|1|5|4|3,1/2,1,1,1/5,9/20,7/10,13/15,1/4,1/2,3/4,11/12,13/40,8/15,7/10,71/80,1/3,7/12,5/6,1,11/30,53/90,34/45,19/20,5/12,23/36,29/36,1,43/90,163/240,193/240,1
"2|1|5|3,4",1/2,1,1,1/4,1/2,3/4,11/12,1/4,1/2,3/4,11/12,13/40,8/15,7/10,71/80,1/3,7/12,5/6,1,5/12,23/36,29/36,1,5/12,23/36,29/36,1,43/90,163/240,193/240,1
"2|1|3,4|5",1/2,1,1,1/3,7/12,5/6,1,1/3,7/12,5/6,1,5/12,23/36,29/36,1,1/5,9/20,7/10,13/15,11/30,53/90,34/45,19/20,11/30,53/90,34/45,19/20,43/90,163/240,193/240,1
"2|1|3,5|4",1/2,1,1,1/3,7/12,5/6,1,1/5,9/20,7/10,13/15,11/30,53/90,34/45,19/20,1/3,7/12,5/6,1,5/12,23/36,29/36,1,11/30,53/90,34/45,19/20,43/90,163/240,193/240,1
"2|1|4,5|3",1/2,1,1,1/5,9/20,7/10,13/15,1/3,7/12,5/6,1,11/30,53/90,34/45,19/20,1/3,7/12,5/6,1,11/30,53/90,34/45,19/20,5/12,23/36,29/36,1,43/90,163/240,193/240,1
"2|1|3,4,5",1/2,1,1,1/3,7/12,5/6,1,1/3,7/12,5/6,1,5/12,23/36,29/36,1,1/3,7/12,5/6,1,5/12,23/36,29/36,1,5/12,23/36,29/36,1,43/90,163/240,193/240,1
2|3|1|4|5,1/3,1,5/6,1/2,7/12,1,1,1/4,5/12,3/4,29/36,1/2,23/36,11/12,1,1/5,11/30,7/10,34/45,9/20,53/90,13/15,19/20,13/40,43/90,7/10,193/240,8/15,163/240,71/80,1
2|3|1|5|4,1/3,1,5/6,1/2,7/12,1,1,1/5,11/30,7/10,34/45,9/20,53/90,13/15,19/20,1/4,5/12,3/4,29/36,1/2,23/36,11/12,1,13/40,43/90,7/10,193/240,8/15,163/240,71/80,1
"2|3|1|4,5",1/3,1,5/6,1/2,7/12,1,1,1/4,5/12,3/4,29/36,1/2,23/36,11/12,1,1/4,5/12,3/4,29/36,1/2,23/36,11/12,1,13/40,43/90,7/10,193/240,8/15,163/240,71/80,1
2|3|4|1|5,1/4,1,3/4,1/2,1/2,1,11/12,1/3,5/12,5/6,29/36,7/12,23/36,1,1,1/5,13/40,7/10,7/10,9/20,8/15,13/15,71/80,11/30,43/90,34/45,193/240,53/90,163/240,19/20,1
2|3|4|5|1,1/5,1,7/10,1/2,9/20,1,13/15,1/3,11/30,5/6,34/45,7/12,53/90,1,19/20,1/4,13/40,3/4,7/10,1/2,8/15,11/12,71/80,5/12,43/90,29/36,193/240,23/36,163/240,1,1
"2|3|4|1,5",1/4,1,3/4,1/2,1/2,1,11/12,1/3,5/12,5/6,29/36,7/12,23/36,1,1,1/4,13/40,3/4,7/10,1/2,8/15,11/12,71/80,5/12,43/90,29/36,193/240,23/36,163/240,1,1
2|3|5|1|4,1/4,1,3/4,1/2,1/2,1,11/12,1/5,13/40,7/10,7/10,9/20,8/15,13/15,71/80,1/3,5/12,5/6,29/36,7/12,23/36,1,1,11/30,43/90,34/45,193/240,53/90,163/240,19/20,1
2|3|5|4|1,1/5,1,7/10,1/2,9/20,1,13/15,1/4,13/40,3/4,7/10,1/2,8/15,11/12,71/80,1/3,11/30,5/6,34/45,7/12,53/90,1,19/20,5/12,43/90,29/36,193/240,23/36,163/240,1,1
"2|3|5|1,4",1/4,1,3/4,1/2,1/2,1,11/12,1/4,13/40,3/4,7/10,1/2,8/15,11/12,71/80,1/3,5/12,5/6,29/36,7/12,23/36,1,1,5/12,43/90,29/36,193/240,23/36,163/240,1,1
"2|3|1,4|5",1/3,1,5/6,1/2,7/12,1,1,1/3,5/12,5/6,29/36,7/12,23/36,1,1,1/5,11/30,7/10,34/45,9/20,53/90,13/15,19/20,11/30,43/90,34/45,193/240,53/90,163/240,19/20,1
"2|3|1,5|4",1/3,1,5/6,1/2,7/12,1,1,1/5,11/30,7/10,34/45,9/20,53/90,13/15,19/20,1/3,5/12,5/6,29/36,7/12,23/36,1,1,11/30,43/90,34/45,193/240,53/90,163/240,19/20,1
"2|3|4,5|1",1/5,1,7/10,1/2,9/20,1,13/15,1/3,11/30,5/6,34/45,7/12,53/90,1,19/20,1/3,11/30,5/6,34/45,7/12,53/90,1,19/20,5/12,43/90,29/36,193/240,23/36,163/240,1,1
"2|3|1,4,5",1/3,1,5/6,1/2,7/12,1,1,1/3,5/12,5/6,29/36,7/12,23/36,1,1,1/3,5/12,5/6,29/36,7/12,23/36,1,1,5/12,43/90,29/36,193/240,23/36,163/240,1,1
2|4|1|3|5,1/3,1,5/6,1/4,5/12,3/4,29/36,1/2,7/12,1,1,1/2,23/36,11/12,1,1/5,11/30,7/10,34/45,13/40,43/90,7/10,193/240,9/20,53/90,13/15,19/20,8/15,163/240,71/80,1
2|4|1|5|3,1/3,1,5/6,1/5,11/30,7/10,34/45,1/2,7/12,1,1,9/20,53/90,13/15,19/20,1/4,5/12,3/4,29/36,13/40,43/90,7/10,193/240,1/2,23/36,11/12,1,8/15,163/240,71/80,1
"2|4|1|3,5",1/3,1,5/6,1/4,5/12,3/4,29/36,1/2,7/12,1,1,1/2,23/36,11/12,1,1/4,5/12,3/4,29/36,13/40,43/90,7/10,193/240,1/2,23/36,11/12,1,8/15,163/240,71/80,1
2|4|3|1|5,1/4,1,3/4,1/3,5/12,5/6,29/36,1/2,1/2,1,11/12,7/12,23/36,1,1,1/5,13/40,7/10,7/10,11/30,43/90,34/45,193/240,9/20,8/15,13/15,71/80,53/90,163/240,19/20,1
2|4|3|5|1,1/5,1,7/10,1/3,11/30,5/6,34/45,1/2,9/20,1,13/15,7/12,53/90,1,19/20,1/4,13/40,3/4,7/10,5/12,43/90,29/36,193/240,1/2,8/15,11/12,71/80,23/36,163/240,1,1
"2|4|3|1,5",1/4,1,3/4,1/3,5/12,5/6,29/36,1/2,1/2,1,11/12,7/12,23/36,1,1,1/4,13/40,3/4,7/10,5/12,43/90,29/36,193/240,1/2,8/15,11/12,71/80,23/36,163/240,1,1
2|4|5|1|3,1/4,1,3/4,1/5,13/40,7/10,7/10,1/2,1/2,1,11/12,9/20,8/15,13/15,71/80,1/3,5/12,5/6,29/36,11/30,43/90,34/45,193/240,7/12,23/36,1,1,53/90,163/240,19/20,1
2|4|5|3|1,1/5,1,7/10,1/4,13/40,3/4,7/10,1/2,9/20,1,13/15,1/2,8/15,11/12,71/80,1/3,11/30,5/6,34/45,5/12,43/90,29/36,193/240,7/12,53/90,1,19/20,23/36,163/240,1,1
"2|4|5|1,3",1/4,1,3/4,1/4,13/40,3/4,7/10,1/2,1/2,1,11/12,1/2,8/15,11/12,71/80,1/3,5/12,5/6,29/36,5/12,43/90,29/36,193/240,7/12,23/36,1,1,23/36,163/240,1,1
"2|4|1,3|5",1/3,1,5/6,1/3,5/12,5/6,29/36,1/2,7/12,1,1,7/12,23/36,1,1,1/5,11/30,7/10,34/45,11/30,43/90,34/45,193/240,9/20,53/90,13/15,19/20,53/90,163/240,19/20,1
"2|4|1,5|3",1/3,1,5/6,1/5,11/30,7/10,34/45,1/2,7/12,1,1,9/20,53/90,13/15,19/20,1/3,5/12,5/6,29/36,11/30,43/90,34/45,193/240,7/12,23/36,1,1,53/90,163/240,19/20,1
"2|4|3,5|1",1/5,1,7/10,1/3,11/30,5/6,34/45,1/2,9/20,1,13/15,7/12,53/90,1,19/20,1/3,11/30,5/6,34/45,5/12,43/90,29/36,193/240,7/12,53/90,1,19/20,23/36,163/240,1,1
"2|4|1,3,5",1/3,1,5/6,1/3,5/12,5/6,29/36,1/2,7/12,1,1,7/12,23/36,1,1,1/3,5/12,5/6,29/36,5/12,43/90,29/36,193/240,7/12,23/36,1,1,23/36,163/240,1,1
2|5|1|3|4,1/3,1,5/6,1/4,5/12,3/4,29/36,1/5,11/30,7/10,34/45,13/40,43/90,7/10,193/240,1/2,7/12,1,1,1/2,23/36,11/12,1,9/20,53/90,13/15,19/20,8/15,163/240,71/80,1
2|5|1|4|3,1/3,1,5/6,1/5,11/30,7/10,34/45,1/4,5/12,3/4,29/36,13/40,43/90,7/10,193/240,1/2,7/12,1,1,9/20,53/90,13/15,19/20,1/2,23/36,11/12,1,8/15,163/240,71/80,1
"2|5|1|3,4",1/3,1,5/6,1/4,5/12,3/4,29/36,1/4,5/12,3/4,29/36,13/40,43/90,7/10,193/240,1/2,7/12,1,1,1/2,23/36,11/12,1,1/2,23/36,11/12,1,8/15,163/240,71/80,1
2|5|3|1|4,1/4,1,3/4,1/3,5/12,5/6,29/36,1/5,13/40,7/10,7/10,11/30,43/90,34/45,193/240,1/2,1/2,1,11/12,7/12,23/36,1,1,9/20,8/15,13/15,71/80,53/90,163/240,19/20,1
2|5|3|4|1,1/5,1,7/10,1/3,11/30,5/6,34/45,1/4,13/40,3/4,7/10,5/12,43/90,29/36,193/240,1/2,9/20,1,13/15,7/12,53/90,1,19/20,1/2,8/15,11/12,71/80,23/36,163/240,1,1
"2|5|3|1,4",1/4,1,3/4,1/3,5/12,5/6,29/36,1/4,13/40,3/4,7/10,5/12,43/90,29/36,193/240,1/2,1/2,1,11/12,7/12,23/36,1,1,1/2,8/15,11/12,71/80,23/36,163/240,1,1
2|5|4|1|3,1/4,1,3/4,1/5,13/40,7/10,7/10,1/3,5/12,5/6,29/36,11/30,43/90,34/45,193/240,1/2,1/2,1,11/12,9/20,8/15,13/15,71/80,7/12,23/36,1,1,53/90,163/240,19/20,1
2|5|4|3|1,1/5,1,7/10,1/4,13/40,3/4,7/10,1/3,11/30,5/6,34/45,5/12,43/90,29/36,193/240,1/2,9/20,1,13/15,1/2,8/15,11/12,71/80,7/12,53/90,1,19/20,23/36,163/240,1,1
"2|5|4|1,3",1/4,1,3/4,1/4,13/40,3/4,7/10,1/3,5/12,5/6,29/36,5/12,43/90,29/36,193/240,1/2,1/2,1,11/12,1/2,8/15,11/12,71/80,7/12,23/36,1,1,23/36,163/240,1,1
"2|5|1,3|4",1/3,1,5/6,1/3,5/12,5/6,29/36,1/5,11/30,7/10,34/45,11/30,43/90,34/45,193/240,1/2,7/12,1,1,7/12,23/36,1,1,9/20,53/90,13/15,19/20,53/90,163/240,19/20,1
"2|5|1,4|3",1/3,1,5/6,1/5,11/30,7/10,34/45,1/3,5/12,5/6,29/36,11/30,43/90,34/45,193/240,1/2,7/12,1,1,9/20,53/90,13/15,19/20,7/12,23/36,1,1,53/90,163/240,19/20,1
"2|5|3,4|1",1/5,1,7/10,1/3,11/30,5/6,34/45,1/3,11/30,5/6,34/45,5/12,43/90,29/36,193/240,1/2,9/20,1,13/15,7/12,53/90,1,19/20,7/12,53/90,1,19/20,23/36,163/240,1,1
"2|5|1,3,4",1/3,1,5/6,1/3,5/12,5/6,29/36,1/3,5/12,5/6,29/36,5/12,43/90,29/36,193/240,1/2,7/12,1,1,7/12,23/36,1,1,7/12,23/36,1,1,23/36,163/240,1,1
"2|1,3|4|5",1/2,1,1,1/2,7/12,1,1,1/4,1/2,3/4,11/12,1/2,23/36,11/12,1,1/5,9/20,7/10,13/15,9/20,53/90,13/15,19/20,13/40,8/15,7/10,71/80,8/15,163/240,71/80,1
"2|1,3|5|4",1/2,1,1,1/2,7/12,1,1,1/5,9/20,7/10,13/15,9/20,53/90,13/15,19/20,1/4,1/2,3/4,11/12,1/2,23/36,11/12,1,13/40,8/15,7/10,71/80,8/15,163/240,71/80,1
"2|1,3|4,5",1/2,1,1,1/2,7/12,1,1,1/4,1/2,3/4,11/12,1/2,23/36,11/12,1,1/4,1/2,3/4,11/12,1/2,23/36,11/12,1,13/40,8/15,7/10,71/80,8/15,163/240,71/80,1
"2|1,4|3|5",1/2,1,1,1/4,1/2,3/4,11/12,1/2,7/12,1,1,1/2,23/36,11/12,1,1/5,9/20,7/10,13/15,13/40,8/15,7/10,71/80,9/20,53/90,13/15,19/20,8/15,163/240,71/80,1
"2|1,4|5|3",1/2,1,1,1/5,9/20,7/10,13/15,1/2,7/12,1,1,9/20,53/90,13/15,19/20,1/4,1/2,3/4,11/12,13/40,8/15,7/10,71/80,1/2,23/36,11/12,1,8/15,163/240,71/80,1
"2|1,4|3,5",1/2,1,1,1/4,1/2,3/4,11/12,1/2,7/12,1,1,1/2,23/36,11/12,1,1/4,1/2,3/4,11/12,13/40,8/15,7/10,71/80,1/2,23/36,11/12,1,8/15,163/240,71/80,1
"2|1,5|3|4",1/2,1,1,1/4,1/2,3/4,11/12,1/5,9/20,7/10,13/15,13/40,8/15,7/10,71/80,1/2,7/12,1,1,1/2,23/36,11/12,1,9/20,53/90,13/15,19/20,8/15,163/240,71/80,1
"2|1,5|4|3",1/2,1,1,1/5,9/20,7/10,13/15,1/4,1/2,3/4,11/12,13/40,8/15,7/10,71/80,1/2,7/12,1,1,9/20,53/90,13/15,19/20,1/2,23/36,11/12,1,8/15,163/240,71/80,1
"2|1,5|3,4",1/2,1,1,1/4,1/2,3/4,11/12,1/4,1/2,3/4,11/12,13/40,8/15,7/10,71/80,1/2,7/12,1,1,1/2,23/36,11/12,1,1/2,23/36,11/12,1,8/15,163/240,71/80,1
"2|3,4|1|5",1/4,1,3/4,1/2,1/2,1,11/12,1/2,1/2,1,11/12,7/12,23/36,1,1,1/5,13/40,7/10,7/10,9/20,8/15,13/15,71/80,9/20,8/15,13/15,71/80,53/90,163/240,19/20,1
"2|3,4|5|1",1/5,1,7/10,1/2,9/20,1,13/15,1/2,9/20,1,13/15,7/12,53/90,1,19/20,1/4,13/40,3/4,7/10,1/2,8/15,11/12,71/80,1/2,8/15,11/12,71/80,23/36,163/240,1,1
"2|3,4|1,5",1/4,1,3/4,1/2,1/2,1,11/12,1/2,1/2,1,11/12,7/12,23/36,1,1,1/4,13/40,3/4,7/10,1/2,8/15,11/12,71/80,1/2,8/15,11/12,71/80,23/36,163/240,1,1
"2|3,5|1|4",1/4,1,3/4,1/2,1/2,1,11/12,1/5,13/40,7/10,7/10,9/20,8/15,13/15,71/80,1/2,1/2,1,11/12,7/12,23/36,1,1,9/20,8/15,13/15,71/80,53/90,163/240,19/20,1
"2|3,5|4|1",1/5,1,7/10,1/2,9/20,1,13/15,1/4,13/40,3/4,7/10,1/2,8/15,11/12,71/80,1/2,9/20,1,13/15,7/12,53/90,1,19/20,1/2,8/15,11/12,71/80,23/36,163/240,1,1
"2|3,5|1,4",1/4,1,3/4,1/2,1/2,1,11/12,1/4,13/40,3/4,7/10,1/2,8/15,11/12,71/80,1/2,1/2,1,11/12,7/12,23/36,1,1,1/2,8/15,11/12,71/80,23/36,163/240,1,1
"2|4,5|1|3",1/4,1,3/4,1/5,13/40,7/10,7/10,1/2,1/2,1,11/12,9/20,8/15,13/15,71/80,1/2,1/2,1,11/12,9/20,8/15,13/15,71/80,7/12,23/36,1,1,53/90,163/240,19/20,1
"2|4,5|3|1",1/5,1,7/10,1/4,13/40,3/4,7/10,1/2,9/20,1,13/15,1/2,8/15,11/12,71/80,1/2,9/20,1,13/15,1/2,8/15,11/12,71/80,7/12,53/90,1,19/20,23/36,163/240,1,1
"2|4,5|1,3",1/4,1,3/4,1/4,13/40,3/4,7/10,1/2,1/2,1,11/12,1/2,8/15,11/12,71/80,1/2,1/2,1,11/12,1/2,8/15,11/12,71/80,7/12,23/36,1,1,23/36,163/240,1,1
"2|1,3,4|5",1/2,1,1,1/2,7/12,1,1,1/2,7/12,1,1,7/12,23/36,1,1,1/5,9/20,7/10,13/15,9/20,53/90,13/15,19/20,9/20,53/90,13/15,19/20,53/90,163/240,19/20,1
"2|1,3,5|4",1/2,1,1,1/2,7/12,1,1,1/5,9/20,7/10,13/15,9/20,53/90,13/15,19/20,1/2,7/12,1,1,7/12,23/36,1,1,9/20,53/90,13/15,19/20,53/90,163/240,19/20,1
"2|1,4,5|3",1/2,1,1,1/5,9/20,7/10,13/15,1/2,7/12,1,1,9/20,53/90,13/15,19/20,1/2,7/12,1,1,9/20,53/90,13/15,19/20,7/12,23/36,1,1,53/90,163/240,19/20,1
"2|3,4,5|1",1/5,1,7/10,1/2,9/20,1,13/15,1/2,9/20,1,13/15,7/12,53/90,1,19/20,1/2,9/20,1,13/15,7/12,53/90,1,19/20,7/12,53/90,1,19/20,23/36,163/240,1,1
3|1|2|4|5,1/2,1/3,7/12,1,1,5/6,1,1/4,1/2,5/12,23/36,3/4,11/12,29/36,1,1/5,9/20,11/30,53/90,7/10,13/15,34/45,19/20,13/40,8/15,43/90,163/240,7/10,71/80,193/240,1
3|1|2|5|4,1/2,1/3,7/12,1,1,5/6,1,1/5,9/20,11/30,53/90,7/10,13/15,34/45,19/20,1/4,1/2,5/12,23/36,3/4,11/12,29/36,1,13/40,8/15,43/90,163/240,7/10,71/80,193/240,1
"3|1|2|4,5",1/2,1/3,7/12,1,1,5/6,1,1/4,1/2,5/12,23/36,3/4,11/12,29/36,1,1/4,1/2,5/12,23/36,3/4,11/12,29/36,1,13/40,8/15,43/90,163/240,7/10,71/80,193/240,1
3|1|4|2|5,1/2,1/4,1/2,1,1,3/4,11/12,1/3,7/12,5/12,23/36,5/6,1,29/36,1,1/5,9/20,13/40,8/15,7/10,13/15,7/10,71/80,11/30,53/90,43/90,163/240,34/45,19/20,193/240,1
3|1|4|5|2,1/2,1/5,9/20,1,1,7/10,13/15,1/3,7/12,11/30,53/90,5/6,1,34/45,19/20,1/4,1/2,13/40,8/15,3/4,11/12,7/10,71/80,5/12,23/36,43/90,163/240,29/36,1,193/240,1
"3|1|4|2,5",1/2,1/4,1/2,1,1,3/4,11/12,1/3,7/12,5/12,23/36,5/6,1,29/36,1,1/4,1/2,13/40,8/15,3/4,11/12,7/10,71/80,5/12,23/36,43/90,163/240,29/36,1,193/240,1
3|1|5|2|4,1/2,1/4,1/2,1,1,3/4,11/12,1/5,9/20,13/40,8/15,7/10,13/15,7/10,71/80,1/3,7/12,5/12,23/36,5/6,1,29/36,1,11/30,53/90,43/90,163/240,34/45,19/20,193/240,1
3|1|5|4|2,1/2,1/5,9/20,1,1,7/10,13/15,1/4,1/2,13/40,8/15,3/4,11/12,7/10,71/80,1/3,7/12,11/30,53/90,5/6,1,34/45,19/20,5/12,23/36,43/90,163/240,29/36,1,193/240,1
"3|1|5|2,4",1/2,1/4,1/2,1,1,3/4,11/12,1/4,1/2,13/40,8/15,3/4,11/12,7/10,71/80,1/3,7/12,5/12,23/36,5/6,1,29/36,1,5/12,23/36,43/90,163/240,29/36,1,193/240,1
"3|1|2,4|5",1/2,1/3,7/12,1,1,5/6,1,1/3,7/12,5/12,23/36,5/6,1,29/36,1,1/5,9/20,11/30,53/90,7/10,13/15,34/45,19/20,11/30,53/90,43/90,163/240,34/45,19/20,193/240,1
"3|1|2,5|4",1/2,1/3,7/12,1,1,5/6,1,1/5,9/20,11/30,53/90,7/10,13/15,34/45,19/20,1/3,7/12,5/12,23/36,5/6,1,29/36,1,11/30,53/90,43/90,163/240,34/45,19/20,193/240,1
"3|1|4,5|2",1/2,1/5,9/20,1,1,7/10,13/15,1/3,7/12,11/30,53/90,5/6,1,34/45,19/20,1/3,7/12,11/30,53/90,5/6,1,34/45,19/20,5/12,23/36,43/90,163/240,29/36,1,193/240,1
"3|1|2,4,5",1/2,1/3,7/12,1,1,5/6,1,1/3,7/12,5/12,23/36,5/6,1,29/36,1,1/3,7/12,5/12,23/36,5/6,1,29/36,1,5/12,23/36,43/90,163/240,29/36,1,193/240,1
3|2|1|4|5,1/3,1/2,7/12,1,5/6,1,1,1/4,5/12,1/2,23/36,3/4,29/36,11/12,1,1/5,11/30,9/20,53/90,7/10,34/45,13/15,19/20,13/40,43/90,8/15,163/240,7/10,193/240,71/80,1
3|2|1|5|4,1/3,1/2,7/12,1,5/6,1,1,1/5,11/30,9/20,53/90,7/10,34/45,13/15,19/20,1/4,5/12,1/2,23/36,3/4,29/36,11/12,1,13/40,43/90,8/15,163/240,7/10,193/240,71/80,1
"3|2|1|4,5",1/3,1/2,7/12,1,5/6,1,1,1/4,5/12,1/2,23/36,3/4,29/36,11/12,1,1/4,5/12,1/2,23/36,3/4,29/36,11/12,1,13/40,43/90,8/15,163/240,7/10,193/240,71/80,1
3|2|4|1|5,1/4,1/2,1/2,1,3/4,1,11/12,1/3,5/12,7/12,23/36,5/6,29/36,1,1,1/5,13/40,9/20,8/15,7/10,7/10,13/15,71/80,11/30,43/90,53/90,163/240,34/45,193/240,19/20,1
3|2|4|5|1,1/5,1/2,9/20,1,7/10,1,13/15,1/3,11/30,7/12,53/90,5/6,34/45,1,19/20,1/4,13/40,1/2,8/15,3/4,7/10,11/12,71/80,5/12,43/90,23/36,163/240,29/36,193/240,1,1
"3|2|4|1,5",1/4,1/2,1/2,1,3/4,1,11/12,1/3,5/12,7/12,23/36,5/6,29/36,1,1,1/4,13/40,1/2,8/15,3/4,7/10,11/12,71/80,5/12,43/90,23/36,163/240,29/36,193/240,1,1
3|2|5|1|4,1/4,1/2,1/2,1,3/4,1,11/12,1/5,13/40,9/20,8/15,7/10,7/10,13/15,71/80,1/3,5/12,7/12,23/36,5/6,29/36,1,1,11/30,43/90,53/90,163/240,34/45,193/240,19/20,1
3|2|5|4|1,1/5,1/2,9/20,1,7/10,1,13/15,1/4,13/40,1/2,8/15,3/4,7/10,11/12,71/80,1/3,11/30,7/12,53/90,5/6,34/45,1,19/20,5/12,43/90,23/36,163/240,29/36,193/240,1,1
"3|2|5|1,4",1/4,1/2,1/2,1,3/4,1,11/12,1/4,13/40,1/2,8/15,3/4,7/10,11/12,71/80,1/3,5/12,7/12,23/36,5/6,29/36,1,1,5/12,43/90,23/36,163/240,29/36,193/240,1,1
"3|2|1,4|5",1/3,1/2,7/12,1,5/6,1,1,1/3,5/12,7/12,23/36,5/6,29/36,1,1,1/5,11/30,9/20,53/90,7/10,34/45,13/15,19/20,11/30,43/90,53/90,163/240,34/45,193/240,19/20,1
"3|2|1,5|4",1/3,1/2,7/12,1,5/6,1,1,1/5,11/30,9/20,53/90,7/10,34/45,13/15,19/20,1/3,5/12,7/12,23/36,5/6,29/36,1,1,11/30,43/90,53/90,163/240,34/45,193/240,19/20,1
"3|2|4,5|1",1/5,1/2,9/20,1,7/10,1,13/15,1/3,11/30,7/12,53/90,5/6,34/45,1,19/20,1/3,11/30,7/12,53/90,5/6,34/45,1,19/20,5/12,43/90,23/36,163/240,29/36,193/240,1,1
"3|2|1,4,5",1/3,1/2,7/12,1,5/6,1,1,1/3,5/12,7/12,23/36,5/6,29/36,1,1,1/3,5/12,7/12,23/36,5/6,29/36,1,1,5/12,43/90,23/36,163/240,29/36,193/240,1,1
3|4|1|2|5,1/3,1/4,5/12,1,5/6,3/4,29/36,1/2,7/12,1/2,23/36,1,1,11/12,1,1/5,11/30,13/40,43/90,7/10,34/45,7/10,193/240,9/20,53/90,8/15,163/240,13/15,19/20,71/80,1
3|4|1|5|2,1/3,1/5,11/30,1,5/6,7/10,34/45,1/2,7/12,9/20,53/90,1,1,13/15,19/20,1/4,5/12,13/40,43/90,3/4,29/36,7/10,193/240,1/2,23/36,8/15,163/240,11/12,1,71/80,1
"3|4|1|2,5",1/3,1/4,5/12,1,5/6,3/4,29/36,1/2,7/12,1/2,23/36,1,1,11/12,1,1/4,5/12,13/40,43/90,3/4,29/36,7/10,193/240,1/2,23/36,8/15,163/240,11/12,1,71/80,1
3|4|2|1|5,1/4,1/3,5/12,1,3/4,5/6,29/36,1/2,1/2,7/12,23/36,1,11/12,1,1,1/5,13/40,11/30,43/90,7/10,7/10,34/45,193/240,9/20,8/15,53/90,163/240,13/15,71/80,19/20,1
3|4|2|5|1,1/5,1/3,11/30,1,7/10,5/6,34/45,1/2,9/20,7/12,53/90,1,13/15,1,19/20,1/4,13/40,5/12,43/90,3/4,7/10,29/36,193/240,1/2,8/15,23/36,163/240,11/12,71/80,1,1
"3|4|2|1,5",1/4,1/3,5/12,1,3/4,5/6,29/36,1/2,1/2,7/12,23/36,1,11/12,1,1,1/4,13/40,5/12,43/90,3/4,7/10,29/36,193/240,1/2,8/15,23/36,163/240,11/12,71/80,1,1
3|4|5|1|2,1/4,1/5,13/40,1,3/4,7/10,7/10,1/2,1/2,9/20,8/15,1,11/12,13/15,71/80,1/3,5/12,11/30,43/90,5/6,29/36,34/45,193/240,7/12,23/36,53/90,163/240,1,1,19/20,1
3|4|5|2|1,1/5,1/4,13/40,1,7/10,3/4,7/10,1/2,9/20,1/2,8/15,1,13/15,11/12,71/80,1/3,11/30,5/12,43/90,5/6,34/45,29/36,193/240,7/12,53/90,23/36,163/240,1,19/20,1,1
"3|4|5|1,2",1/4,1/4,13/40,1,3/4,3/4,7/10,1/2,1/2,1/2,8/15,1,11/12,11/12,71/80,1/3,5/12,5/12,43/90,5/6,29/36,29/36,193/240,7/12,23/36,23/36,163/240,1,1,1,1
"3|4|1,2|5",1/3,1/3,5/12,1,5/6,5/6,29/36,1/2,7/12,7/12,23/36,1,1,1,1,1/5,11/30,11/30,43/90,7/10,34/45,34/45,193/240,9/20,53/90,53/90,163/240,13/15,19/20,19/20,1
"3|4|1,5|2",1/3,1/5,11/30,1,5/6,7/10,34/45,1/2,7/12,9/20,53/90,1,1,13/15,19/20,1/3,5/12,11/30,43/90,5/6,29/36,34/45,193/240,7/12,23/36,53/90,163/240,1,1,19/20,1
"3|4|2,5|1",1/5,1/3,11/30,1,7/10,5/6,34/45,1/2,9/20,7/12,53/90,1,13/15,1,19/20,1/3,11/30,5/12,43/90,5/6,34/45,29/36,193/240,7/12,53/90,23/36,163/240,1,19/20,1,1
"3|4|1,2,5",1/3,1/3,5/12,1,5/6,5/6,29/36,1/2,7/12,7/12,23/36,1,1,1,1,1/3,5/12,5/12,43/90,5/6,29/36,29/36,193/240,7/12,23/36,23/36,163/240,1,1,1,1
3|5|1|2|4,1/3,1/4,5/12,1,5/6,3/4,29/36,1/5,11/30,13/40,43/90,7/10,34/45,7/10,193/240,1/2,7/12,1/2,23/36,1,1,11/12,1,9/20,53/90,8/15,163/240,13/15,19/20,71/80,1
3|5|1|4|2,1/3,1/5,11/30,1,5/6,7/10,34/45,1/4,5/12,13/40,43/90,3/4,29/36,7/10,193/240,1/2,7/12,9/20,53/90,1,1,13/15,19/20,1/2,23/36,8/15,163/240,11/12,1,71/80,1
"3|5|1|2,4",1/3,1/4,5/12,1,5/6,3/4,29/36,1/4,5/12,13/40,43/90,3/4,29/36,7/10,193/240,1/2,7/12,1/2,23/36,1,1,11/12,1,1/2,23/36,8/15,163/240,11/12,1,71/80,1
3|5|2|1|4,1/4,1/3,5/12,1,3/4,5/6,29/36,1/5,13/40,11/30,43/90,7/10,7/10,34/45,193/240,1/2,1/2,7/12,23/36,1,11/12,1,1,9/20,8/15,53/90,163/240,13/15,71/80,19/20,1
3|5|2|4|1,1/5,1/3,11/30,1,7/10,5/6,34/45,1/4,13/40,5/12,43/90,3/4,7/10,29/36,193/240,1/2,9/20,7/12,53/90,1,13/15,1,19/20,1/2,8/15,23/36,163/240,11/12,71/80,1,1
"3|5|2|1,4",1/4,1/3,5/12,1,3/4,5/6,29/36,1/4,13/40,5/12,43/90,3/4,7/10,29/36,193/240,1/2,1/2,7/12,23/36,1,11/12,1,1,1/2,8/15,23/36,163/240,11/12,71/80,1,1
3|5|4|1|2,1/4,1/5,13/40,1,3/4,7/10,7/10,1/3,5/12,11/30,43/90,5/6,29/36,34/45,193/240,1/2,1/2,9/20,8/15,1,11/12,13/15,71/80,7/12,23/36,53/90,163/240,1,1,19/20,1
3|5|4|2|1,1/5,1/4,13/40,1,7/10,3/4,7/10,1/3,11/30,5/12,43/90,5/6,34/45,29/36,193/240,1/2,9/20,1/2,8/15,1,13/15,11/12,71/80,7/12,53/90,23/36,163/240,1,19/20,1,1
"3|5|4|1,2",1/4,1/4,13/40,1,3/4,3/4,7/10,1/3,5/12,5/12,43/90,5/6,29/36,29/36,193/240,1/2,1/2,1/2,8/15,1,11/12,11/12,71/80,7/12,23/36,23/36,163/240,1,1,1,1
"3|5|1,2|4",1/3,1/3,5/12,1,5/6,5/6,29/36,1/5,11/30,11/30,43/90,7/10,34/45,34/45,193/240,1/2,7/12,7/12,23/36,1,1,1,1,9/20,53/90,53/90,163/240,13/15,19/20,19/20,1
"3|5|1,4|2",1/3,1/5,11/30,1,5/6,7/10,34/45,1/3,5/12,11/30,43/90,5/6,29/36,34/45,193/240,1/2,7/12,9/20,53/90,1,1,13/15,19/20,7/12,23/36,53/90,163/240,1,1,19/20,1
"3|5|2,4|1",1/5,1/3,11/30,1,7/10,5/6,34/45,1/3,11/30,5/12,43/90,5/6,34/45,29/36,193/240,1/2,9/20,7/12,53/90,1,13/15,1,19/20,7/12,53/90,23/36,163/240,1,19/20,1,1
"3|5|1,2,4",1/3,1/3,5/12,1,5/6,5/6,29/36,1/3,5/12,5/12,43/90,5/6,29/36,29/36,193/240,1/2,7/12,7/12,23/36,1,1,1,1,7/12,23/36,23/36,163/240,1,1,1,1
"3|1,2|4|5",1/2,1/2,7/12,1,1,1,1,1/4,1/2,1/2,23/36,3/4,11/12,11/12,1,1/5,9/20,9/20,53/90,7/10,13/15,13/15,19/20,13/40,8/15,8/15,163/240,7/10,71/80,71/80,1
"3|1,2|5|4",1/2,1/2,7/12,1,1,1,1,1/5,9/20,9/20,53/90,7/10,13/15,13/15,19/20,1/4,1/2,1/2,23/36,3/4,11/12,11/12,1,13/40,8/15,8/15,163/240,7/10,71/80,71/80,1
"3|1,2|4,5",1/2,1/2,7/12,1,1,1,1,1/4,1/2,1/2,23/36,3/4,11/12,11/12,1,1/4,1/2,1/2,23/36,3/4,11/12,11/12,1,13/40,8/15,8/15,163/240,7/10,71/80,71/80,1
"3|1,4|2|5",1/2,1/4,1/2,1,1,3/4,11/12,1/2,7/12,1/2,23/36,1,1,11/12,1,1/5,9/20,13/40,8/15,7/10,13/15,7/10,71/80,9/20,53/90,8/15,163/240,13/15,19/20,71/80,1
"3|1,4|5|2",1/2,1/5,9/20,1,1,7/10,13/15,1/2,7/12,9/20,53/90,1,1,13/15,19/20,1/4,1/2,13/40,8/15,3/4,11/12,7/10,71/80,1/2,23/36,8/15,163/240,11/12,1,71/80,1
"3|1,4|2,5",1/2,1/4,1/2,1,1,3/4,11/12,1/2,7/12,1/2,23/36,1,1,11/12,1,1/4,1/2,13/40,8/15,3/4,11/12,7/10,71/80,1/2,23/36,8/15,163/240,11/12,1,71/80,1
"3|1,5|2|4",1/2,1/4,1/2,1,1,3/4,11/12,1/5,9/20,13/40,8/15,7/10,13/15,7/10,71/80,1/2,7/12,1/2,23/36,1,1,11/12,1,9/20,53/90,8/15,163/240,13/15,19/20,71/80,1
"3|1,5|4|2",1/2,1/5,9/20,1,1,7/10,13/15,1/4,1/2,13/40,8/15,3/4,11/12,7/10,71/80,1/2,7/12,9/20,53/90,1,1,13/15,19/20,1/2,23/36,8/15,163/240,11/12,1,71/80,1
"3|1,5|2,4",1/2,1/4,1/2,1,1,3/4,11/12,1/4,1/2,13/40,8/15,3/4,11/12,7/10,71/80,1/2,7/12,1/2,23/36,1,1,11/12,1,1/2,23/36,8/15,163/240,11/12,1,71/80,1
"3|2,4|1|5",1/4,1/2,1/2,1,3/4,1,11/12,1/2,1/2,7/12,23/36,1,11/12,1,1,1/5,13/40,9/20,8/15,7/10,7/10,13/15,71/80,9/20,8/15,53/90,163/240,13/15,71/80,19/20,1
"3|2,4|5|1",1/5,1/2,9/20,1,7/10,1,13/15,1/2,9/20,7/12,53/90,1,13/15,1,19/20,1/4,13/40,1/2,8/15,3/4,7/10,11/12,71/80,1/2,8/15,23/36,163/240,11/12,71/80,1,1
"3|2,4|1,5",1/4,1/2,1/2,1,3/4,1,11/12,1/2,1/2,7/12,23/36,1,11/12,1,1,1/4,13/40,1/2,8/15,3/4,7/10,11/12,71/80,1/2,8/15,23/36,163/240,11/12,71/80,1,1
"3|2,5|1|4",1/4,1/2,1/2,1,3/4,1,11/12,1/5,13/40,9/20,8/15,7/10,7/10,13/15,71/80,1/2,1/2,7/12,23/36,1,11/12,1,1,9/20,8/15,53/90,163/240,13/15,71/80,19/20,1
"3|2,5|4|1",1/5,1/2,9/20,1,7/10,1,13/15,1/4,13/40,1/2,8/15,3/4,7/10,11/12,71/80,1/2,9/20,7/12,53/90,1,13/15,1,19/20,1/2,8/15,23/36,163/240,11/12,71/80,1,1
"3|2,5|1,4",1/4,1/2,1/2,1,3/4,1,11/12,1/4,13/40,1/2,8/15,3/4,7/10,11/12,71/80,1/2,1/2,7/12,23/36,1,11/12,1,1,1/2,8/15,23/36,163/240,11/12,71/80,1,1
"3|4,5|1|2",1/4,1/5,13/40,1,3/4,7/10,7/10,1/2,1/2,9/20,8/15,1,11/12,13/15,71/80,1/2,1/2,9/20,8/15,1,11/12,13/15,71/80,7/12,23/36,53/90,163/240,1,1,19/20,1
"3|4,5|2|1",1/5,1/4,13/40,1,7/10,3/4,7/10,1/2,9/20,1/2,8/15,1,13/15,11/12,71/80,1/2,9/20,1/2,8/15,1,13/15,11/12,71/80,7/12,53/90,23/36,163/240,1,19/20,1,1
"3|4,5|1,2",1/4,1/4,13/40,1,3/4,3/4,7/10,1/2,1/2,1/2,8/15,1,11/12,11/12,71/80,1/2,1/2,1/2,8/15,1,11/12,11/12,71/80,7/12,23/36,23/36,163/240,1,1,1,1
"3|1,2,4|5",1/2,1/2,7/12,1,1,1,1,1/2,7/12,7/12,23/36,1,1,1,1,1/5,9/20,9/20,53/90,7/10,13/15,13/15,19/20,9/20,53/90,53/90,163/240,13/15,19/20,19/20,1
"3|1,2,5|4",1/2,1/2,7/12,1,1,1,1,1/5,9/20,9/20,53/90,7/10,13/15,13/15,19/20,1/2,7/12,7/12,23/36,1,1,1,1,9/20,53/90,53/90,163/240,13/15,19/20,19/20,1
"3|1,4,5|2",1/2,1/5,9/20,1,1,7/10,13/15,1/2,7/12,9/20,53/90,1,1,13/15,19/20,1/2,7/12,9/20,53/90,1,1,13/15,19/20,7/12,23/36,53/90,163/240,1,1,19/20,1
"3|2,4,5|1",1/5,1/2,9/20,1,7/10,1,13/15,1/2,9/20,7/12,53/90,1,13/15,1,19/20,1/2,9/20,7/12,53/90,1,13/15,1,19/20,7/12,53/90,23/36,163/240,1,19/20,1,1
4|1|2|3|5,1/2,1/3,7/12,1/4,1/2,5/12,23/36,1,1,5/6,1,3/4,11/12,29/36,1,1/5,9/20,11/30,53/90,13/40,8/15,43/90,163/240,7/10,13/15,34/45,19/20,7/10,71/80,193/240,1
4|1|2|5|3,1/2,1/3,7/12,1/5,9/20,11/30,53/90,1,1,5/6,1,7/10,13/15,34/45,19/20,1/4,1/2,5/12,23/36,13/40,8/15,43/90,163/240,3/4,11/12,29/36,1,7/10,71/80,193/240,1
"4|1|2|3,5",1/2,1/3,7/12,1/4,1/2,5/12,23/36,1,1,5/6,1,3/4,11/12,29/36,1,1/4,1/2,5/12,23/36,13/40,8/15,43/90,163/240,3/4,11/12,29/36,1,7/10,71/80,193/240,1
4|1|3|2|5,1/2,1/4,1/2,1/3,7/12,5/12,23/36,1,1,3/4,11/12,5/6,1,29/36,1,1/5,9/20,13/40,8/15,11/30,53/90,43/90,163/240,7/10,13/15,7/10,71/80,34/45,19/20,193/240,1
4|1|3|5|2,1/2,1/5,9/20,1/3,7/12,11/30,53/90,1,1,7/10,13/15,5/6,1,34/45,19/20,1/4,1/2,13/40,8/15,5/12,23/36,43/90,163/240,3/4,11/12,7/10,71/80,29/36,1,193/240,1
"4|1|3|2,5",1/2,1/4,1/2,1/3,7/12,5/12,23/36,1,1,3/4,11/12,5/6,1,29/36,1,1/4,1/2,13/40,8/15,5/12,23/36,43/90,163/240,3/4,11/12,7/10,71/80,29/36,1,193/240,1
4|1|5|2|3,1/2,1/4,1/2,1/5,9/20,13/40,8/15,1,1,3/4,11/12,7/10,13/15,7/10,71/80,1/3,7/12,5/12,23/36,11/30,53/90,43/90,163/240,5/6,1,29/36,1,34/45,19/20,193/240,1
4|1|5|3|2,1/2,1/5,9/20,1/4,1/2,13/40,8/15,1,1,7/10,13/15,3/4,11/12,7/10,71/80,1/3,7/12,11/30,53/90,5/12,23/36,43/90,163/240,5/6,1,34/45,19/20,29/36,1,193/240,1
"4|1|5|2,3",1/2,1/4,1/2,1/4,1/2,13/40,8/15,1,1,3/4,11/12,3/4,11/12,7/10,71/80,1/3,7/12,5/12,23/36,5/12,23/36,43/90,163/240,5/6,1,29/36,1,29/36,1,193/240,1
"4|1|2,3|5",1/2,1/3,7/12,1/3,7/12,5/12,23/36,1,1,5/6,1,5/6,1,29/36,1,1/5,9/20,11/30,53/90,11/30,53/90,43/90,163/240,7/10,13/15,34/45,19/20,34/45,19/20,193/240,1
"4|1|2,5|3",1/2,1/3,7/12,1/5,9/20,11/30,53/90,1,1,5/6,1,7/10,13/15,34/45,19/20,1/3,7/12,5/12,23/36,11/30,53/90,43/90,163/240,5/6,1,29/36,1,34/45,19/20,193/240,1
"4|1|3,5|2",1/2,1/5,9/20,1/3,7/12,11/30,53/90,1,1,7/10,13/15,5/6,1,34/45,19/20,1/3,7/12,11/30,53/90,5/12,23/36,43/90,163/240,5/6,1,34/45,19/20,29/36,1,193/240,1
"4|1|2,3,5",1/2,1/3,7/12,1/3,7/12,5/12,23/36,1,1,5/6,1,5/6,1,29/36,1,1/3,7/12,5/12,23/36,5/12,23/36,43/90,163/240,5/6,1,29/36,1,29/36,1,193/240,1
4|2|1|3|5,1/3,1/2,7/12,1/4,5/12,1/2,23/36,1,5/6,1,1,3/4,29/36,11/12,1,1/5,11/30,9/20,53/90,13/40,43/90,8/15,163/240,7/10,34/45,13/15,19/20,7/10,193/240,71/80,1
4|2|1|5|3,1/3,1/2,7/12,1/5,11/30,9/20,53/90,1,5/6,1,1,7/10,34/45,13/15,19/20,1/4,5/12,1/2,23/36,13/40,43/90,8/15,163/240,3/4,29/36,11/12,1,7/10,193/240,71/80,1
"4|2|1|3,5",1/3,1/2,7/12,1/4,5/12,1/2,23/36,1,5/6,1,1,3/4,29/36,11/12,1,1/4,5/12,1/2,23/36,13/40,43/90,8/15,163/240,3/4,29/36,11/12,1,7/10,193/240,71/80,1
4|2|3|1|5,1/4,1/2,1/2,1/3,5/12,7/12,23/36,1,3/4,1,11/12,5/6,29/36,1,1,1/5,13/40,9/20,8/15,11/30,43/90,53/90,163/240,7/10,7/10,13/15,71/80,34/45,193/240,19/20,1
4|2|3|5|1,1/5,1/2,9/20,1/3,11/30,7/12,53/90,1,7/10,1,13/15,5/6,34/45,1,19/20,1/4,13/40,1/2,8/15,5/12,43/90,23/36,163/240,3/4,7/10,11/12,71/80,29/36,193/240,1,1
"4|2|3|1,5",1/4,1/2,1/2,1/3,5/12,7/12,23/36,1,3/4,1,11/12,5/6,29/36,1,1,1/4,13/40,1/2,8/15,5/12,43/90,23/36,163/240,3/4,7/10,11/12,71/80,29/36,193/240,1,1
4|2|5|1|3,1/4,1/2,1/2,1/5,13/40,9/20,8/15,1,3/4,1,11/12,7/10,7/10,13/15,71/80,1/3,5/12,7/12,23/36,11/30,43/90,53/90,163/240,5/6,29/36,1,1,34/45,193/240,19/20,1
4|2|5|3|1,1/5,1/2,9/20,1/4,13/40,1/2,8/15,1,7/10,1,13/15,3/4,7/10,11/12,71/80,1/3,11/30,7/12,53/90,5/12,43/90,23/36,163/240,5/6,34/45,1,19/20,29/36,193/240,1,1
"4|2|5|1,3",1/4,1/2,1/2,1/4,13/40,1/2,8/15,1,3/4,1,11/12,3/4,7/10,11/12,71/80,1/3,5/12,7/12,23/36,5/12,43/90,23/36,163/240,5/6,29/36,1,1,29/36,193/240,1,1
"4|2|1,3|5",1/3,1/2,7/12,1/3,5/12,7/12,23/36,1,5/6,1,1,5/6,29/36,1,1,1/5,11/30,9/20,53/90,11/30,43/90,53/90,163/240,7/10,34/45,13/15,19/20,34/45,193/240,19/20,1
"4|2|1,5|3",1/3,1/2,7/12,1/5,11/30,9/20,53/90,1,5/6,1,1,7/10,34/45,13/15,19/20,1/3,5/12,7/12,23/36,11/30,43/90,53/90,163/240,5/6,29/36,1,1,34/45,193/240,19/20,1
"4|2|3,5|1",1/5,1/2,9/20,1/3,11/30,7/12,53/90,1,7/10,1,13/15,5/6,34/45,1,19/20,1/3,11/30,7/12,53/90,5/12,43/90,23/36,163/240,5/6,34/45,1,19/20,29/36,193/240,1,1
"4|2|1,3,5",1/3,1/2,7/12,1/3,5/12,7/12,23/36,1,5/6,1,1,5/6,29/36,1,1,1/3,5/12,7/12,23/36,5/12,43/90,23/36,163/240,5/6,29/36,1,1,29/36,193/240,1,1
4|3|1|2|5,1/3,1/4,5/12,1/2,7/12,1/2,23/36,1,5/6,3/4,29/36,1,1,11/12,1,1/5,11/30,13/40,43/90,9/20,53/90,8/15,163/240,7/10,34/45,7/10,193/240,13/15,19/20,71/80,1
4|3|1|5|2,1/3,1/5,11/30,1/2,7/12,9/20,53/90,1,5/6,7/10,34/45,1,1,13/15,19/20,1/4,5/12,13/40,43/90,1/2,23/36,8/15,163/240,3/4,29/36,7/10,193/240,11/12,1,71/80,1
"4|3|1|2,5",1/3,1/4,5/12,1/2,7/12,1/2,23/36,1,5/6,3/4,29/36,1,1,11/12,1,1/4,5/12,13/40,43/90,1/2,23/36,8/15,163/240,3/4,29/36,7/10,193/240,11/12,1,71/80,1
4|3|2|1|5,1/4,1/3,5/12,1/2,1/2,7/12,23/36,1,3/4,5/6,29/36,1,11/12,1,1,1/5,13/40,11/30,43/90,9/20,8/15,53/90,163/240,7/10,7/10,34/45,193/240,13/15,71/80,19/20,1
4|3|2|5|1,1/5,1/3,11/30,1/2,9/20,7/12,53/90,1,7/10,5/6,34/45,1,13/15,1,19/20,1/4,13/40,5/12,43/90,1/2,8/15,23/36,163/240,3/4,7/10,29/36,193/240,11/12,71/80,1,1
"4|3|2|1,5",1/4,1/3,5/12,1/2,1/2,7/12,23/36,1,3/4,5/6,29/36,1,11/12,1,1,1/4,13/40,5/12,43/90,1/2,8/15,23/36,163/240,3/4,7/10,29/36,193/240,11/12,71/80,1,1
4|3|5|1|2,1/4,1/5,13/40,1/2,1/2,9/20,8/15,1,3/4,7/10,7/10,1,11/12,13/15,71/80,1/3,5/12,11/30,43/90,7/12,23/36,53/90,163/240,5/6,29/36,34/45,193/240,1,1,19/20,1
4|3|5|2|1,1/5,1/4,13/40,1/2,9/20,1/2,8/15,1,7/10,3/4,7/10,1,13/15,11/12,71/80,1/3,11/30,5/12,43/90,7/12,53/90,23/36,163/240,5/6,34/45,29/36,193/240,1,19/20,1,1
"4|3|5|1,2",1/4,1/4,13/40,1/2,1/2,1/2,8/15,1,3/4,3/4,7/10,1,11/12,11/12,71/80,1/3,5/12,5/12,43/90,7/12,23/36,23/36,163/240,5/6,29/36,29/36,193/240,1,1,1,1
"4|3|1,2|5",1/3,1/3,5/12,1/2,7/12,7/12,23/36,1,5/6,5/6,29/36,1,1,1,1,1/5,11/30,11/30,43/90,9/20,53/90,53/90,163/240,7/10,34/45,34/45,193/240,13/15,19/20,19/20,1
"4|3|1,5|2",1/3,1/5,11/30,1/2,7/12,9/20,53/90,1,5/6,7/10,34/45,1,1,13/15,19/20,1/3,5/12,11/30,43/90,7/12,23/36,53/90,163/240,5/6,29/36,34/45,193/240,1,1,19/20,1
"4|3|2,5|1",1/5,1/3,11/30,1/2,9/20,7/12,53/90,1,7/10,5/6,34/45,1,13/15,1,19/20,1/3,11/30,5/12,43/90,7/12,53/90,23/36,163/240,5/6,34/45,29/36,193/240,1,19/20,1,1
"4|3|1,2,5",1/3,1/3,5/12,1/2,7/12,7/12,23/36,1,5/6,5/6,29/36,1,1,1,1,1/3,5/12,5/12,43/90,7/12,23/36,23/36,163/240,5/6,29/36,29/36,193/240,1,1,1,1
4|5|1|2|3,1/3,1/4,5/12,1/5,11/30,13/40,43/90,1,5/6,3/4,29/36,7/10,34/45,7/10,193/240,1/2,7/12,1/2,23/36,9/20,53/90,8/15,163/240,1,1,11/12,1,13/15,19/20,71/80,1
4|5|1|3|2,1/3,1/5,11/30,1/4,5/12,13/40,43/90,1,5/6,7/10,34/45,3/4,29/36,7/10,193/240,1/2,7/12,9/20,53/90,1/2,23/36,8/15,163/240,1,1,13/15,19/20,11/12,1,71/80,1
"4|5|1|2,3",1/3,1/4,5/12,1/4,5/12,13/40,43/90,1,5/6,3/4,29/36,3/4,29/36,7/10,193/240,1/2,7/12,1/2,23/36,1/2,23/36,8/15,163/240,1,1,11/12,1,11/12,1,71/80,1
4|5|2|1|3,1/4,1/3,5/12,1/5,13/40,11/30,43/90,1,3/4,5/6,29/36,7/10,7/10,34/45,193/240,1/2,1/2,7/12,23/36,9/20,8/15,53/90,163/240,1,11/12,1,1,13/15,71/80,19/20,1
4|5|2|3|1,1/5,1/3,11/30,1/4,13/40,5/12,43/90,1,7/10,5/6,34/45,3/4,7/10,29/36,193/240,1/2,9/20,7/12,53/90,1/2,8/15,23/36,163/240,1,13/15,1,19/20,11/12,71/80,1,1
"4|5|2|1,3",1/4,1/3,5/12,1/4,13/40,5/12,43/90,1,3/4,5/6,29/36,3/4,7/10,29/36,193/240,1/2,1/2,7/12,23/36,1/2,8/15,23/36,163/240,1,11/12,1,1,11/12,71/80,1,1
4|5|3|1|2,1/4,1/5,13/40,1/3,5/12,11/30,43/90,1,3/4,7/10,7/10,5/6,29/36,34/45,193/240,1/2,1/2,9/20,8/15,7/12,23/36,53/90,163/240,1,11/12,13/15,71/80,1,1,19/20,1
4|5|3|2|1,1/5,1/4,13/40,1/3,11/30,5/12,43/90,1,7/10,3/4,7/10,5/6,34/45,29/36,193/240,1/2,9/20,1/2,8/15,7/12,53/90,23/36,163/240,1,13/15,11/12,71/80,1,19/20,1,1
"4|5|3|1,2",1/4,1/4,13/40,1/3,5/12,5/12,43/90,1,3/4,3/4,7/10,5/6,29/36,29/36,193/240,1/2,1/2,1/2,8/15,7/12,23/36,23/36,163/240,1,11/12,11/12,71/80,1,1,1,1
"4|5|1,2|3",1/3,1/3,5/12,1/5,11/30,11/30,43/90,1,5/6,5/6,29/36,7/10,34/45,34/45,193/240,1/2,7/12,7/12,23/36,9/20,53/90,53/90,163/240,1,1,1,1,13/15,19/20,19/20,1
"4|5|1,3|2",1/3,1/5,11/30,1/3,5/12,11/30,43/90,1,5/6,7/10,34/45,5/6,29/36,34/45,193/240,1/2,7/12,9/20,53/90,7/12,23/36,53/90,163/240,1,1,13/15,19/20,1,1,19/20,1
"4|5|2,3|1",1/5,1/3,11/30,1/3,11/30,5/12,43/90,1,7/10,5/6,34/45,5/6,34/45,29/36,193/240,1/2,9/20,7/12,53/90,7/12,53/90,23/36,163/240,1,13/15,1,19/20,1,19/20,1,1
"4|5|1,2,3",1/3,1/3,5/12,1/3,5/12,5/12,43/90,1,5/6,5/6,29/36,5/6,29/36,29/36,193/240,1/2,7/12,7/12,23/36,7/12,23/36,23/36,163/240,1,1,1,1,1,1,1,1
"4|1,2|3|5",1/2,1/2,7/12,1/4,1/2,1/2,23/36,1,1,1,1,3/4,11/12,11/12,1,1/5,9/20,9/20,53/90,13/40,8/15,8/15,163/240,7/10,13/15,13/15,19/20,7/10,71/80,71/80,1
"4|1,2|5|3",1/2,1/2,7/12,1/5,9/20,9/20,53/90,1,1,1,1,7/10,13/15,13/15,19/20,1/4,1/2,1/2,23/36,13/40,8/15,8/15,163/240,3/4,11/12,11/12,1,7/10,71/80,71/80,1
"4|1,2|3,5",1/2,1/2,7/12,1/4,1/2,1/2,23/36,1,1,1,1,3/4,11/12,11/12,1,1/4,1/2,1/2,23/36,13/40,8/15,8/15,163/240,3/4,11/12,11/12,1,7/10,71/80,71/80,1
"4|1,3|2|5",1/2,1/4,1/2,1/2,7/12,1/2,23/36,1,1,3/4,11/12,1,1,11/12,1,1/5,9/20,13/40,8/15,9/20,53/90,8/15,163/240,7/10,13/15,7/10,71/80,13/15,19/20,71/80,1
"4|1,3|5|2",1/2,1/5,9/20,1/2,7/12,9/20,53/90,1,1,7/10,13/15,1,1,13/15,19/20,1/4,1/2,13/40,8/15,1/2,23/36,8/15,163/240,3/4,11/12,7/10,71/80,11/12,1,71/80,1
"4|1,3|2,5",1/2,1/4,1/2,1/2,7/12,1/2,23/36,1,1,3/4,11/12,1,1,11/12,1,1/4,1/2,13/40,8/15,1/2,23/36,8/15,163/240,3/4,11/12,7/10,71/80,11/12,1,71/80,1
"4|1,5|2|3",1/2,1/4,1/2,1/5,9/20,13/40,8/15,1,1,3/4,11/12,7/10,13/15,7/10,71/80,1/2,7/12,1/2,23/36,9/20,53/90,8/15,163/240,1,1,11/12,1,13/15,19/20,71/80,1
"4|1,5|3|2",1/2,1/5,9/20,1/4,1/2,13/40,8/15,1,1,7/10,13/15,3/4,11/12,7/10,71/80,1/2,7/12,9/20,53/90,1/2,23/36,8/15,163/240,1,1,13/15,19/20,11/12,1,71/80,1
"4|1,5|2,3",1/2,1/4,1/2,1/4,1/2,13/40,8/15,1,1,3/4,11/12,3/4,11/12,7/10,71/80,1/2,7/12,1/2,23/36,1/2,23/36,8/15,163/240,1,1,11/12,1,11/12,1,71/80,1
"4|2,3|1|5",1/4,1/2,1/2,1/2,1/2,7/12,23/36,1,3/4,1,11/12,1,11/12,1,1,1/5,13/40,9/20,8/15,9/20,8/15,53/90,163/240,7/10,7/10,13/15,71/80,13/15,71/80,19/20,1
"4|2,3|5|1",1/5,1/2,9/20,1/2,9/20,7/12,53/90,1,7/10,1,13/15,1,13/15,1,19/20,1/4,13/40,1/2,8/15,1/2,8/15,23/36,163/240,3/4,7/10,11/12,71/80,11/12,71/80,1,1
"4|2,3|1,5",1/4,1/2,1/2,1/2,1/2,7/12,23/36,1,3/4,1,11/12,1,11/12,1,1,1/4,13/40,1/2,8/15,1/2,8/15,23/36,163/240,3/4,7/10,11/12,71/80,11/12,71/80,1,1
"4|2,5|1|3",1/4,1/2,1/2,1/5,13/40,9/20,8/15,1,3/4,1,11/12,7/10,7/10,13/15,71/80,1/2,1/2,7/12,23/36,9/20,8/15,53/90,163/240,1,11/12,1,1,13/15,71/80,19/20,1
"4|2,5|3|1",1/5,1/2,9/20,1/4,13/40,1/2,8/15,1,7/10,1,13/15,3/4,7/10,11/12,71/80,1/2,9/20,7/12,53/90,1/2,8/15,23/36,163/240,1,13/15,1,19/20,11/12,71/80,1,1
"4|2,5|1,3",1/4,1/2,1/2,1/4,13/40,1/2,8/15,1,3/4,1,11/12,3/4,7/10,11/12,71/80,1/2,1/2,7/12,23/36,1/2,8/15,23/36,163/240,1,11/12,1,1,11/12,71/80,1,1
"4|3,5|1|2",1/4,1/5,13/40,1/2,1/2,9/20,8/15,1,3/4,7/10,7/10,1,11/12,13/15,71/80,1/2,1/2,9/20,8/15,7/12,23/36,53/90,163/240,1,11/12,13/15,71/80,1,1,19/20,1
"4|3,5|2|1",1/5,1/4,13/40,1/2,9/20,1/2,8/15,1,7/10,3/4,7/10,1,13/15,11/12,71/80,1/2,9/20,1/2,8/15,7/12,53/90,23/36,163/240,1,13/15,11/12,71/80,1,19/20,1,1
"4|3,5|1,2",1/4,1/4,13/40,1/2,1/2,1/2,8/15,1,3/4,3/4,7/10,1,11/12,11/12,71/80,1/2,1/2,1/2,8/15,7/12,23/36,23/36,163/240,1,11/12,11/12,71/80,1,1,1,1
"4|1,2,3|5",1/2,1/2,7/12,1/2,7/12,7/12,23/36,1,1,1,1,1,1,1,1,1/5,9/20,9/20,53/90,9/20,53/90,53/90,163/240,7/10,13/15,13/15,19/20,13/15,19/20,19/20,1
"4|1,2,5|3",1/2,1/2,7/12,1/5,9/20,9/20,53/90,1,1,1,1,7/10,13/15,13/15,19/20,1/2,7/12,7/12,23/36,9/20,53/90,53/90,163/240,1,1,1,1,13/15,19/20,19/20,1
"4|1,3,5|2",1/2,1/5,9/20,1/2,7/12,9/20,53/90,1,1,7/10,13/15,1,1,13/15,19/20,1/2,7/12,9/20,53/90,7/12,23/36,53/90,163/240,1,1,13/15,19/20,1,1,19/20,1
"4|2,3,5|1",1/5,1/2,9/20,1/2,9/20,7/12,53/90,1,7/10,1,13/15,1,13/15,1,19/20,1/2,9/20,7/12,53/90,7/12,53/90,23/36,163/240,1,13/15,1,19/20,1,19/20,1,1
5|1|2|3|4,1/2,1/3,7/12,1/4,1/2,5/12,23/36,1/5,9/20,11/30,53/90,13/40,8/15,43/90,163/240,1,1,5/6,1,3/4,11/12,29/36,1,7/10,13/15,34/45,19/20,7/10,71/80,193/240,1
5|1|2|4|3,1/2,1/3,7/12,1/5,9/20,11/30,53/90,1/4,1/2,5/12,23/36,13/40,8/15,43/90,163/240,1,1,5/6,1,7/10,13/15,34/45,19/20,3/4,11/12,29/36,1,7/10,71/80,193/240,1
"5|1|2|3,4",1/2,1/3,7/12,1/4,1/2,5/12,23/36,1/4,1/2,5/12,23/36,13/40,8/15,43/90,163/240,1,1,5/6,1,3/4,11/12,29/36,1,3/4,11/12,29/36,1,7/10,71/80,193/240,1
5|1|3|2|4,1/2,1/4,1/2,1/3,7/12,5/12,23/36,1/5,9/20,13/40,8/15,11/30,53/90,43/90,163/240,1,1,3/4,11/12,5/6,1,29/36,1,7/10,13/15,7/10,71/80,34/45,19/20,193/240,1
5|1|3|4|2,1/2,1/5,9/20,1/3,7/12,11/30,53/90,1/4,1/2,13/40,8/15,5/12,23/36,43/90,163/240,1,1,7/10,13/15,5/6,1,34/45,19/20,3/4,11/12,7/10,71/80,29/36,1,193/240,1
"5|1|3|2,4",1/2,1/4,1/2,1/3,7/12,5/12,23/36,1/4,1/2,13/40,8/15,5/12,23/36,43/90,163/240,1,1,3/4,11/12,5/6,1,29/36,1,3/4,11/12,7/10,71/80,29/36,1,193/240,1
5|1|4|2|3,1/2,1/4,1/2,1/5,9/20,13/40,8/15,1/3,7/12,5/12,23/36,11/30,53/90,43/90,163/240,1,1,3/4,11/12,7/10,13/15,7/10,71/80,5/6,1,29/36,1,34/45,19/20,193/240,1
5|1|4|3|2,1/2,1/5,9/20,1/4,1/2,13/40,8/15,1/3,7/12,11/30,53/90,5/12,23/36,43/90,163/240,1,1,7/10,13/15,3/4,11/12,7/10,71/80,5/6,1,34/45,19/20,29/36,1,193/240,1
"5|1|4|2,3",1/2,1/4,1/2,1/4,1/2,13/40,8/15,1/3,7/12,5/12,23/36,5/12,23/36,43/90,163/240,1,1,3/4,11/12,3/4,11/12,7/10,71/80,5/6,1,29/36,1,29/36,1,193/240,1
"5|1|2,3|4",1/2,1/3,7/12,1/3,7/12,5/12,23/36,1/5,9/20,11/30,53/90,11/30,53/90,43/90,163/240,1,1,5/6,1,5/6,1,29/36,1,7/10,13/15,34/45,19/20,34/45,19/20,193/240,1
"5|1|2,4|3",1/2,1/3,7/12,1/5,9/20,11/30,53/90,1/3,7/12,5/12,23/36,11/30,53/90,43/90,163/240,1,1,5/6,1,7/10,13/15,34/45,19/20,5/6,1,29/36,1,34/45,19/20,193/240,1
"5|1|3,4|2",1/2,1/5,9/20,1/3,7/12,11/30,53/90,1/3,7/12,11/30,53/90,5/12,23/36,43/90,163/240,1,1,7/10,13/15,5/6,1,34/45,19/20,5/6,1,34/45,19/20,29/36,1,193/240,1
"5|1|2,3,4",1/2,1/3,7/12,1/3,7/12,5/12,23/36,1/3,7/12,5/12,23/36,5/12,23/36,43/90,163/240,1,1,5/6,1,5/6,1,29/36,1,5/6,1,29/36,1,29/36,1,193/240,1
5|2|1|3|4,1/3,1/2,7/12,1/4,5/12,1/2,23/36,1/5,11/30,9/20,53/90,13/40,43/90,8/15,163/240,1,5/6,1,1,3/4,29/36,11/12,1,7/10,34/45,13/15,19/20,7/10,193/240,71/80,1
5|2|1|4|3,1/3,1/2,7/12,1/5,11/30,9/20,53/90,1/4,5/12,1/2,23/36,13/40,43/90,8/15,163/240,1,5/6,1,1,7/10,34/45,13/15,19/20,3/4,29/36,11/12,1,7/10,193/240,71/80,1
"5|2|1|3,4",1/3,1/2,7/12,1/4,5/12,1/2,23/36,1/4,5/12,1/2,23/36,13/40,43/90,8/15,163/240,1,5/6,1,1,3/4,29/36,11/12,1,3/4,29/36,11/12,1,7/10,193/240,71/80,1
5|2|3|1|4,1/4,1/2,1/2,1/3,5/12,7/12,23/36,1/5,13/40,9/20,8/15,11/30,43/90,53/90,163/240,1,3/4,1,11/12,5/6,29/36,1,1,7/10,7/10,13/15,71/80,34/45,193/240,19/20,1
5|2|3|4|1,1/5,1/2,9/20,1/3,11/30,7/12,53/90,1/4,13/40,1/2,8/15,5/12,43/90,23/36,163/240,1,7/10,1,13/15,5/6,34/45,1,19/20,3/4,7/10,11/12,71/80,29/36,193/240,1,1
"5|2|3|1,4",1/4,1/2,1/2,1/3,5/12,7/12,23/36,1/4,13/40,1/2,8/15,5/12,43/90,23/36,163/240,1,3/4,1,11/12,5/6,29/36,1,1,3/4,7/10,11/12,71/80,29/36,193/240,1,1
5|2|4|1|3,1/4,1/2,1/2,1/5,13/40,9/20,8/15,1/3,5/12,7/12,23/36,11/30,43/90,53/90,163/240,1,3/4,1,11/12,7/10,7/10,13/15,71/80,5/6,29/36,1,1,34/45,193/240,19/20,1
5|2|4|3|1,1/5,1/2,9/20,1/4,13/40,1/2,8/15,1/3,11/30,7/12,53/90,5/12,43/90,23/36,163/240,1,7/10,1,13/15,3/4,7/10,11/12,71/80,5/6,34/45,1,19/20,29/36,193/240,1,1
"5|2|4|1,3",1/4,1/2,1/2,1/4,13/40,1/2,8/15,1/3,5/12,7/12,23/36,5/12,43/90,23/36,163/240,1,3/4,1,11/12,3/4,7/10,11/12,71/80,5/6,29/36,1,1,29/36,193/240,1,1
"5|2|1,3|4",1/3,1/2,7/12,1/3,5/12,7/12,23/36,1/5,11/30,9/20,53/90,11/30,43/90,53/90,163/240,1,5/6,1,1,5/6,29/36,1,1,7/10,34/45,13/15,19/20,34/45,193/240,19/20,1
"5|2|1,4|3",1/3,1/2,7/12,1/5,11/30,9/20,53/90,1/3,5/12,7/12,23/36,11/30,43/90,53/90,163/240,1,5/6,1,1,7/10,34/45,13/15,19/20,5/6,29/36,1,1,34/45,193/240,19/20,1
"5|2|3,4|1",1/5,1/2,9/20,1/3,11/30,7/12,53/90,1/3,11/30,7/12,53/90,5/12,43/90,23/36,163/240,1,7/10,1,13/15,5/6,34/45,1,19/20,5/6,34/45,1,19/20,29/36,193/240,1,1
"5|2|1,3,4",1/3,1/2,7/12,1/3,5/12,7/12,23/36,1/3,5/12,7/12,23/36,5/12,43/90,23/36,163/240,1,5/6,1,1,5/6,29/36,1,1,5/6,29/36,1,1,29/36,193/240,1,1
5|3|1|2|4,1/3,1/4,5/12,1/2,7/12,1/2,23/36,1/5,11/30,13/40,43/90,9/20,53/90,8/15,163/240,1,5/6,3/4,29/36,1,1,11/12,1,7/10,34/45,7/10,193/240,13/15,19/20,71/80,1
5|3|1|4|2,1/3,1/5,11/30,1/2,7/12,9/20,53/90,1/4,5/12,13/40,43/90,1/2,23/36,8/15,163/240,1,5/6,7/10,34/45,1,1,13/15,19/20,3/4,29/36,7/10,193/240,11/12,1,71/80,1
"5|3|1|2,4",1/3,1/4,5/12,1/2,7/12,1/2,23/36,1/4,5/12,13/40,43/90,1/2,23/36,8/15,163/240,1,5/6,3/4,29/36,1,1,11/12,1,3/4,29/36,7/10,193/240,11/12,1,71/80,1
5|3|2|1|4,1/4,1/3,5/12,1/2,1/2,7/12,23/36,1/5,13/40,11/30,43/90,9/20,8/15,53/90,163/240,1,3/4,5/6,29/36,1,11/12,1,1,7/10,7/10,34/45,193/240,13/15,71/80,19/20,1
5|3|2|4|1,1/5,1/3,11/30,1/2,9/20,7/12,53/90,1/4,13/40,5/12,43/90,1/2,8/15,23/36,163/240,1,7/10,5/6,34/45,1,13/15,1,19/20,3/4,7/10,29/36,193/240,11/12,71/80,1,1
"5|3|2|1,4",1/4,1/3,5/12,1/2,1/2,7/12,23/36,1/4,13/40,5/12,43/90,1/2,8/15,23/36,163/240,1,3/4,5/6,29/36,1,11/12,1,1,3/4,7/10,29/36,193/240,11/12,71/80,1,1
5|3|4|1|2,1/4,1/5,13/40,1/2,1/2,9/20,8/15,1/3,5/12,11/30,43/90,7/12,23/36,53/90,163/240,1,3/4,7/10,7/10,1,11/12,13/15,71/80,5/6,29/36,34/45,193/240,1,1,19/20,1
5|3|4|2|1,1/5,1/4,13/40,1/2,9/20,1/2,8/15,1/3,11/30,5/12,43/90,7/12,53/90,23/36,163/240,1,7/10,3/4,7/10,1,13/15,11/12,71/80,5/6,34/45,29/36,193/240,1,19/20,1,1
"5|3|4|1,2",1/4,1/4,13/40,1/2,1/2,1/2,8/15,1/3,5/12,5/12,43/90,7/12,23/36,23/36,163/240,1,3/4,3/4,7/10,1,11/12,11/12,71/80,5/6,29/36,29/36,193/240,1,1,1,1
"5|3|1,2|4",1/3,1/3,5/12,1/2,7/12,7/12,23/36,1/5,11/30,11/30,43/90,9/20,53/90,53/90,163/240,1,5/6,5/6,29/36,1,1,1,1,7/10,34/45,34/45,193/240,13/15,19/20,19/20,1
"5|3|1,4|2",1/3,1/5,11/30,1/2,7/12,9/20,53/90,1/3,5/12,11/30,43/90,7/12,23/36,53/90,163/240,1,5/6,7/10,34/45,1,1,13/15,19/20,5/6,29/36,34/45,193/240,1,1,19/20,1
"5|3|2,4|1",1/5,1/3,11/30,1/2,9/20,7/12,53/90,1/3,11/30,5/12,43/90,7/12,53/90,23/36,163/240,1,7/10,5/6,34/45,1,13/15,1,19/20,5/6,34/45,29/36,193/240,1,19/20,1,1
"5|3|1,2,4",1/3,1/3,5/12,1/2,7/12,7/12,23/36,1/3,5/12,5/12,43/90,7/12,23/36,23/36,163/240,1,5/6,5/6,29/36,1,1,1,1,5/6,29/36,29/36,193/240,1,1,1,1
5|4|1|2|3,1/3,1/4,5/12,1/5,11/30,13/40,43/90,1/2,7/12,1/2,23/36,9/20,53/90,8/15,163/240,1,5/6,3/4,29/36,7/10,34/45,7/10,193/240,1,1,11/12,1,13/15,19/20,71/80,1
5|4|1|3|2,1/3,1/5,11/30,1/4,5/12,13/40,43/90,1/2,7/12,9/20,53/90,1/2,23/36,8/15,163/240,1,5/6,7/10,34/45,3/4,29/36,7/10,193/240,1,1,13/15,19/20,11/12,1,71/80,1
"5|4|1|2,3",1/3,1/4,5/12,1/4,5/12,13/40,43/90,1/2,7/12,1/2,23/36,1/2,23/36,8/15,163/240,1,5/6,3/4,29/36,3/4,29/36,7/10,193/240,1,1,11/12,1,11/12,1,71/80,1
5|4|2|1|3,1/4,1/3,5/12,1/5,13/40,11/30,43/90,1/2,1/2,7/12,23/36,9/20,8/15,53/90,163/240,1,3/4,5/6,29/36,7/10,7/10,34/45,193/240,1,11/12,1,1,13/15,71/80,19/20,1
5|4|2|3|1,1/5,1/3,11/30,1/4,13/40,5/12,43/90,1/2,9/20,7/12,53/90,1/2,8/15,23/36,163/240,1,7/10,5/6,34/45,3/4,7/10,29/36,193/240,1,13/15,1,19/20,11/12,71/80,1,1
"5|4|2|1,3",1/4,1/3,5/12,1/4,13/40,5/12,43/90,1/2,1/2,7/12,23/36,1/2,8/15,23/36,163/240,1,3/4,5/6,29/36,3/4,7/10,29/36,193/240,1,11/12,1,1,11/12,71/80,1,1
5|4|3|1|2,1/4,1/5,13/40,1/3,5/12,11/30,43/90,1/2,1/2,9/20,8/15,7/12,23/36,53/90,163/240,1,3/4,7/10,7/10,5/6,29/36,34/45,193/240,1,11/12,13/15,71/80,1,1,19/20,1
5|4|3|2|1,1/5,1/4,13/40,1/3,11/30,5/12,43/90,1/2,9/20,1/2,8/15,7/12,53/90,23/36,163/240,1,7/10,3/4,7/10,5/6,34/45,29/36,193/240,1,13/15,11/12,71/80,1,19/20,1,1
"5|4|3|1,2",1/4,1/4,13/40,1/3,5/12,5/12,43/90,1/2,1/2,1/2,8/15,7/12,23/36,23/36,163/240,1,3/4,3/4,7/10,5/6,29/36,29/36,193/240,1,11/12,11/12,71/80,1,1,1,1
"5|4|1,2|3",1/3,1/3,5/12,1/5,11/30,11/30,43/90,1/2,7/12,7/12,23/36,9/20,53/90,53/90,163/240,1,5/6,5/6,29/36,7/10,34/45,34/45,193/240,1,1,1,1,13/15,19/20,19/20,1
"5|4|1,3|2",1/3,1/5,11/30,1/3,5/12,11/30,43/90,1/2,7/12,9/20,53/90,7/12,23/36,53/90,163/240,1,5/6,7/10,34/45,5/6,29/36,34/45,193/240,1,1,13/15,19/20,1,1,19/20,1
"5|4|2,3|1",1/5,1/3,11/30,1/3,11/30,5/12,43/90,1/2,9/20,7/12,53/90,7/12,53/90,23/36,163/240,1,7/10,5/6,34/45,5/6,34/45,29/36,193/240,1,13/15,1,19/20,1,19/20,1,1
"5|4|1,2,3",1/3,1/3,5/12,1/3,5/12,5/12,43/90,1/2,7/12,7/12,23/36,7/12,23/36,23/36,163/240,1,5/6,5/6,29/36,5/6,29/36,29/36,193/240,1,1,1,1,1,1,1,1
"5|1,2|3|4",1/2,1/2,7/12,1/4,1/2,1/2,23/36,1/5,9/20,9/20,53/90,13/40,8/15,8/15,163/240,1,1,1,1,3/4,11/12,11/12,1,7/10,13/15,13/15,19/20,7/10,71/80,71/80,1
"5|1,2|4|3",1/2,1/2,7/12,1/5,9/20,9/20,53/90,1/4,1/2,1/2,23/36,13/40,8/15,8/15,163/240,1,1,1,1,7/10,13/15,13/15,19/20,3/4,11/12,11/12,1,7/10,71/80,71/80,1
"5|1,2|3,4",1/2,1/2,7/12,1/4,1/2,1/2,23/36,1/4,1/2,1/2,23/36,13/40,8/15,8/15,163/240,1,1,1,1,3/4,11/12,11/12,1,3/4,11/12,11/12,1,7/10,71/80,71/80,1
"5|1,3|2|4",1/2,1/4,1/2,1/2,7/12,1/2,23/36,1/5,9/20,13/40,8/15,9/20,53/90,8/15,163/240,1,1,3/4,11/12,1,1,11/12,1,7/10,13/15,7/10,71/80,13/15,19/20,71/80,1
"5|1,3|4|2",1/2,1/5,9/20,1/2,7/12,9/20,53/90,1/4,1/2,13/40,8/15,1/2,23/36,8/15,163/240,1,1,7/10,13/15,1,1,13/15,19/20,3/4,11/12,7/10,71/80,11/12,1,71/80,1
"5|1,3|2,4",1/2,1/4,1/2,1/2,7/12,1/2,23/36,1/4,1/2,13/40,8/15,1/2,23/36,8/15,163/240,1,1,3/4,11/12,1,1,11/12,1,3/4,11/12,7/10,71/80,11/12,1,71/80,1
"5|1,4|2|3",1/2,1/4,1/2,1/5,9/20,13/40,8/15,1/2,7/12,1/2,23/36,9/20,53/90,8/15,163/240,1,1,3/4,11/12,7/10,13/15,7/10,71/80,1,1,11/12,1,13/15,19/20,71/80,1
"5|1,4|3|2",1/2,1/5,9/20,1/4,1/2,13/40,8/15,1/2,7/12,9/20,53/90,1/2,23/36,8/15,163/240,1,1,7/10,13/15,3/4,11/12,7/10,71/80,1,1,13/15,19/20,11/12,1,71/80,1
"5|1,4|2,3",1/2,1/4,1/2,1/4,1/2,13/40,8/15,1/2,7/12,1/2,23/36,1/2,23/36,8/15,163/240,1,1,3/4,11/12,3/4,11/12,7/10,71/80,1,1,11/12,1,11/12,1,71/80,1
"5|2,3|1|4",1/4,1/2,1/2,1/2,1/2,7/12,23/36,1/5,13/40,9/20,8/15,9/20,8/15,53/90,163/240,1,3/4,1,11/12,1,11/12,1,1,7/10,7/10,13/15,71/80,13/15,71/80,19/20,1
"5|2,3|4|1",1/5,1/2,9/20,1/2,9/20,7/12,53/90,1/4,13/40,1/2,8/15,1/2,8/15,23/36,163/240,1,7/10,1,13/15,1,13/15,1,19/20,3/4,7/10,11/12,71/80,11/12,71/80,1,1
"5|2,3|1,4",1/4,1/2,1/2,1/2,1/2,7/12,23/36,1/4,13/40,1/2,8/15,1/2,8/15,23/36,163/240,1,3/4,1,11/12,1,11/12,1,1,3/4,7/10,11/12,71/80,11/12,71/80,1,1
"5|2,4|1|3",1/4,1/2,1/2,1/5,13/40,9/20,8/15,1/2,1/2,7/12,23/36,9/20,8/15,53/90,163/240,1,3/4,1,11/12,7/10,7/10,13/15,71/80,1,11/12,1,1,13/15,71/80,19/20,1
"5|2,4|3|1",1/5,1/2,9/20,1/4,13/40,1/2,8/15,1/2,9/20,7/12,53/90,1/2,8/15,23/36,163/240,1,7/10,1,13/15,3/4,7/10,11/12,71/80,1,13/15,1,19/20,11/12,71/80,1,1
"5|2,4|1,3",1/4,1/2,1/2,1/4,13/40,1/2,8/15,1/2,1/2,7/12,23/36,1/2,8/15,23/36,163/240,1,3/4,1,11/12,3/4,7/10,11/12,71/80,1,11/12,1,1,11/12,71/80,1,1
"5|3,4|1|2",1/4,1/5,13/40,1/2,1/2,9/20,8/15,1/2,1/2,9/20,8/15,7/12,23/36,53/90,163/240,1,3/4,7/10,7/10,1,11/12,13/15,71/80,1,11/12,13/15,71/80,1,1,19/20,1
"5|3,4|2|1",1/5,1/4,13/40,1/2,9/20,1/2,8/15,1/2,9/20,1/2,8/15,7/12,53/90,23/36,163/240,1,7/10,3/4,7/10,1,13/15,11/12,71/80,1,13/15,11/12,71/80,1,19/20,1,1
"5|3,4|1,2",1/4,1/4,13/40,1/2,1/2,1/2,8/15,1/2,1/2,1/2,8/15,7/12,23/36,23/36,163/240,1,3/4,3/4,7/10,1,11/12,11/12,71/80,1,11/12,11/12,71/80,1,1,1,1
"5|1,2,3|4",1/2,1/2,7/12,1/2,7/12,7/12,23/36,1/5,9/20,9/20,53/90,9/20,53/90,53/90,163/240,1,1,1,1,1,1,1,1,7/10,13/15,13/15,19/20,13/15,19/20,19/20,1
"5|1,2,4|3",1/2,1/2,7/12,1/5,9/20,9/20,53/90,1/2,7/12,7/12,23/36,9/20,53/90,53/90,163/240,1,1,1,1,7/10,13/15,13/15,19/20,1,1,1,1,13/15,19/20,19/20,1
"5|1,3,4|2",1/2,1/5,9/20,1/2,7/12,9/20,53/90,1/2,7/12,9/20,53/90,7/12,23/36,53/90,163/240,1,1,7/10,13/15,1,1,13/15,19/20,1,1,13/15,19/20,1,1,19/20,1
"5|2,3,4|1",1/5,1/2,9/20,1/2,9/20,7/12,53/90,1/2,9/20,7/12,53/90,7/12,53/90,23/36,163/240,1,7/10,1,13/15,1,13/15,1,19/20,1,13/15,1,19/20,1,19/20,1,1
"1,2|3|4|5",1,1,1,1/3,5/6,5/6,1,1/4,3/4,3/4,11/12,5/12,29/36,29/36,1,1/5,7/10,7/10,13/15,11/30,34/45,34/45,19/20,13/40,7/10,7/10,71/80,43/90,193/240,193/240,1
"1,2|3|5|4",1,1,1,1/3,5/6,5/6,1,1/5,7/10,7/10,13/15,11/30,34/45,34/45,19/20,1/4,3/4,3/4,11/12,5/12,29/36,29/36,1,13/40,7/10,7/10,71/80,43/90,193/240,193/240,1
"1,2|3|4,5",1,1,1,1/3,5/6,5/6,1,1/4,3/4,3/4,11/12,5/12,29/36,29/36,1,1/4,3/4,3/4,11/12,5/12,29/36,29/36,1,13/40,7/10,7/10,71/80,43/90,193/240,193/240,1
"1,2|4|3|5",1,1,1,1/4,3/4,3/4,11/12,1/3,5/6,5/6,1,5/12,29/36,29/36,1,1/5,7/10,7/10,13/15,13/40,7/10,7/10,71/80,11/30,34/45,34/45,19/20,43/90,193/240,193/240,1
"1,2|4|5|3",1,1,1,1/5,7/10,7/10,13/15,1/3,5/6,5/6,1,11/30,34/45,34/45,19/20,1/4,3/4,3/4,11/12,13/40,7/10,7/10,71/80,5/12,29/36,29/36,1,43/90,193/240,193/240,1
"1,2|4|3,5",1,1,1,1/4,3/4,3/4,11/12,1/3,5/6,5/6,1,5/12,29/36,29/36,1,1/4,3/4,3/4,11/12,13/40,7/10,7/10,71/80,5/12,29/36,29/36,1,43/90,193/240,193/240,1
"1,2|5|3|4",1,1,1,1/4,3/4,3/4,11/12,1/5,7/10,7/10,13/15,13/40,7/10,7/10,71/80,1/3,5/6,5/6,1,5/12,29/36,29/36,1,11/30,34/45,34/45,19/20,43/90,193/240,193/240,1
"1,2|5|4|3",1,1,1,1/5,7/10,7/10,13/15,1/4,3/4,3/4,11/12,13/40,7/10,7/10,71/80,1/3,5/6,5/6,1,11/30,34/45,34/45,19/20,5/12,29/36,29/36,1,43/90,193/240,193/240,1
"1,2|5|3,4",1,1,1,1/4,3/4,3/4,11/12,1/4,3/4,3/4,11/12,13/40,7/10,7/10,71/80,1/3,5/6,5/6,1,5/12,29/36,29/36,1,5/12,29/36,29/36,1,43/90,193/240,193/240,1
"1,2|3,4|5",1,1,1,1/3,5/6,5/6,1,1/3,5/6,5/6,1,5/12,29/36,29/36,1,1/5,7/10,7/10,13/15,11/30,34/45,34/45,19/20,11/30,34/45,34/45,19/20,43/90,193/240,193/240,1
"1,2|3,5|4",1,1,1,1/3,5/6,5/6,1,1/5,7/10,7/10,13/15,11/30,34/45,34/45,19/20,1/3,5/6,5/6,1,5/12,29/36,29/36,1,11/30,34/45,34/45,19/20,43/90,193/240,193/240,1
"1,2|4,5|3",1,1,1,1/5,7/10,7/10,13/15,1/3,5/6,5/6,1,11/30,34/45,34/45,19/20,1/3,5/6,5/6,1,11/30,34/45,34/45,19/20,5/12,29/36,29/36,1,43/90,193/240,193/240,1
"1,2|3,4,5",1,1,1,1/3,5/6,5/6,1,1/3,5/6,5/6,1,5/12,29/36,29/36,1,1/3,5/6,5/6,1,5/12,29/36,29/36,1,5/12,29/36,29/36,1,43/90,193/240,193/240,1
"1,3|2|4|5",1,1/3,5/6,1,1,5/6,1,1/4,3/4,5/12,29/36,3/4,11/12,29/36,1,1/5,7/10,11/30,34/45,7/10,13/15,34/45,19/20,13/40,7/10,43/90,193/240,7/10,71/80,193/240,1
"1,3|2|5|4",1,1/3,5/6,1,1,5/6,1,1/5,7/10,11/30,34/45,7/10,13/15,34/45,19/20,1/4,3/4,5/12,29/36,3/4,11/12,29/36,1,13/40,7/10,43/90,193/240,7/10,71/80,193/240,1
"1,3|2|4,5",1,1/3,5/6,1,1,5/6,1,1/4,3/4,5/12,29/36,3/4,11/12,29/36,1,1/4,3/4,5/12,29/36,3/4,11/12,29/36,1,13/40,7/10,43/90,193/240,7/10,71/80,193/240,1
"1,3|4|2|5",1,1/4,3/4,1,1,3/4,11/12,1/3,5/6,5/12,29/36,5/6,1,29/36,1,1/5,7/10,13/40,7/10,7/10,13/15,7/10,71/80,11/30,34/45,43/90,193/240,34/45,19/20,193/240,1
"1,3|4|5|2",1,1/5,7/10,1,1,7/10,13/15,1/3,5/6,11/30,34/45,5/6,1,34/45,19/20,1/4,3/4,13/40,7/10,3/4,11/12,7/10,71/80,5/12,29/36,43/90,193/240,29/36,1,193/240,1
"1,3|4|2,5",1,1/4,3/4,1,1,3/4,11/12,1/3,5/6,5/12,29/36,5/6,1,29/36,1,1/4,3/4,13/40,7/10,3/4,11/12,7/10,71/80,5/12,29/36,43/90,193/240,29/36,1,193/240,1
"1,3|5|2|4",1,1/4,3/4,1,1,3/4,11/12,1/5,7/10,13/40,7/10,7/10,13/15,7/10,71/80,1/3,5/6,5/12,29/36,5/6,1,29/36,1,11/30,34/45,43/90,193/240,34/45,19/20,193/240,1
"1,3|5|4|2",1,1/5,7/10,1,1,7/10,13/15,1/4,3/4,13/40,7/10,3/4,11/12,7/10,71/80,1/3,5/6,11/30,34/45,5/6,1,34/45,19/20,5/12,29/36,43/90,193/240,29/36,1,193/240,1
"1,3|5|2,4",1,1/4,3/4,1,1,3/4,11/12,1/4,3/4,13/40,7/10,3/4,11/12,7/10,71/80,1/3,5/6,5/12,29/36,5/6,1,29/36,1,5/12,29/36,43/90,193/240,29/36,1,193/240,1
"1,3|2,4|5",1,1/3,5/6,1,1,5/6,1,1/3,5/6,5/12,29/36,5/6,1,29/36,1,1/5,7/10,11/30,34/45,7/10,13/15,34/45,19/20,11/30,34/45,43/90,193/240,34/45,19/20,193/240,1
"1,3|2,5|4",1,1/3,5/6,1,1,5/6,1,1/5,7/10,11/30,34/45,7/10,13/15,34/45,19/20,1/3,5/6,5/12,29/36,5/6,1,29/36,1,11/30,34/45,43/90,193/240,34/45,19/20,193/240,1
"1,3|4,5|2",1,1/5,7/10,1,1,7/10,13/15,1/3,5/6,11/30,34/45,5/6,1,34/45,19/20,1/3,5/6,11/30,34/45,5/6,1,34/45,19/20,5/12,29/36,43/90,193/240,29/36,1,193/240,1
"1,3|2,4,5",1,1/3,5/6,1,1,5/6,1,1/3,5/6,5/12,29/36,5/6,1,29/36,1,1/3,5/6,5/12,29/36,5/6,1,29/36,1,5/12,29/36,43/90,193/240,29/36,1,193/240,1
"1,4|2|3|5",1,1/3,5/6,1/4,3/4,5/12,29/36,1,1,5/6,1,3/4,11/12,29/36,1,1/5,7/10,11/30,34/45,13/40,7/10,43/90,193/240,7/10,13/15,34/45,19/20,7/10,71/80,193/240,1
"1,4|2|5|3",1,1/3,5/6,1/5,7/10,11/30,34/45,1,1,5/6,1,7/10,13/15,34/45,19/20,1/4,3/4,5/12,29/36,13/40,7/10,43/90,193/240,3/4,11/12,29/36,1,7/10,71/80,193/240,1
"1,4|2|3,5",1,1/3,5/6,1/4,3/4,5/12,29/36,1,1,5/6,1,3/4,11/12,29/36,1,1/4,3/4,5/12,29/36,13/40,7/10,43/90,193/240,3/4,11/12,29/36,1,7/10,71/80,193/240,1
"1,4|3|2|5",1,1/4,3/4,1/3,5/6,5/12,29/36,1,1,3/4,11/12,5/6,1,29/36,1,1/5,7/10,13/40,7/10,11/30,34/45,43/90,193/240,7/10,13/15,7/10,71/80,34/45,19/20,193/240,1
"1,4|3|5|2",1,1/5,7/10,1/3,5/6,11/30,34/45,1,1,7/10,13/15,5/6,1,34/45,19/20,1/4,3/4,13/40,7/10,5/12,29/36,43/90,193/240,3/4,11/12,7/10,71/80,29/36,1,193/240,1
"1,4|3|2,5",1,1/4,3/4,1/3,5/6,5/12,29/36,1,1,3/4,11/12,5/6,1,29/36,1,1/4,3/4,13/40,7/10,5/12,29/36,43/90,193/240,3/4,11/12,7/10,71/80,29/36,1,193/240,1
"1,4|5|2|3",1,1/4,3/4,1/5,7/10,13/40,7/10,1,1,3/4,11/12,7/10,13/15,7/10,71/80,1/3,5/6,5/12,29/36,11/30,34/45,43/90,193/240,5/6,1,29/36,1,34/45,19/20,193/240,1
"1,4|5|3|2",1,1/5,7/10,1/4,3/4,13/40,7/10,1,1,7/10,13/15,3/4,11/12,7/10,71/80,1/3,5/6,11/30,34/45,5/12,29/36,43/90,193/240,5/6,1,34/45,19/20,29/36,1,193/240,1
"1,4|5|2,3",1,1/4,3/4,1/4,3/4,13/40,7/10,1,1,3/4,11/12,3/4,11/12,7/10,71/80,1/3,5/6,5/12,29/36,5/12,29/36,43/90,193/240,5/6,1,29/36,1,29/36,1,193/240,1
"1,4|2,3|5",1,1/3,5/6,1/3,5/6,5/12,29/36,1,1,5/6,1,5/6,1,29/36,1,1/5,7/10,11/30,34/45,11/30,34/45,43/90,193/240,7/10,13/15,34/45,19/20,34/45,19/20,193/240,1
"1,4|2,5|3",1,1/3,5/6,1/5,7/10,11/30,34/45,1,1,5/6,1,7/10,13/15,34/45,19/20,1/3,5/6,5/12,29/36,11/30,34/45,43/90,193/240,5/6,1,29/36,1,34/45,19/20,193/240,1
"1,4|3,5|2",1,1/5,7/10,1/3,5/6,11/30,34/45,1,1,7/10,13/15,5/6,1,34/45,19/20,1/3,5/6,11/30,34/45,5/12,29/36,43/90,193/240,5/6,1,34/45,19/20,29/36,1,193/240,1
"1,4|2,3,5",1,1/3,5/6,1/3,5/6,5/12,29/36,1,1,5/6,1,5/6,1,29/36,1,1/3,5/6,5/12,29/36,5/12,29/36,43/90,193/240,5/6,1,29/36,1,29/36,1,193/240,1
"1,5|2|3|4",1,1/3,5/6,1/4,3/4,5/12,29/36,1/5,7/10,11/30,34/45,13/40,7/10,43/90,193/240,1,1,5/6,1,3/4,11/12,29/36,1,7/10,13/15,34/45,19/20,7/10,71/80,193/240,1
"1,5|2|4|3",1,1/3,5/6,1/5,7/10,11/30,34/45,1/4,3/4,5/12,29/36,13/40,7/10,43/90,193/240,1,1,5/6,1,7/10,13/15,34/45,19/20,3/4,11/12,29/36,1,7/10,71/80,193/240,1
"1,5|2|3,4",1,1/3,5/6,1/4,3/4,5/12,29/36,1/4,3/4,5/12,29/36,13/40,7/10,43/90,193/240,1,1,5/6,1,3/4,11/12,29/36,1,3/4,11/12,29/36,1,7/10,71/80,193/240,1
"1,5|3|2|4",1,1/4,3/4,1/3,5/6,5/12,29/36,1/5,7/10,13/40,7/10,11/30,34/45,43/90,193/240,1,1,3/4,11/12,5/6,1,29/36,1,7/10,13/15,7/10,71/80,34/45,19/20,193/240,1
"1,5|3|4|2",1,1/5,7/10,1/3,5/6,11/30,34/45,1/4,3/4,13/40,7/10,5/12,29/36,43/90,193/240,1,1,7/10,13/15,5/6,1,34/45,19/20,3/4,11/12,7/10,71/80,29/36,1,193/240,1
"1,5|3|2,4",1,1/4,3/4,1/3,5/6,5/12,29/36,1/4,3/4,13/40,7/10,5/12,29/36,43/90,193/240,1,1,3/4,11/12,5/6,1,29/36,1,3/4,11/12,7/10,71/80,29/36,1,193/240,1
"1,5|4|2|3",1,1/4,3/4,1/5,7/10,13/40,7/10,1/3,5/6,5/12,29/36,11/30,34/45,43/90,193/240,1,1,3/4,11/12,7/10,13/15,7/10,71/80,5/6,1,29/36,1,34/45,19/20,193/240,1
"1,5|4|3|2",1,1/5,7/10,1/4,3/4,13/40,7/10,1/3,5/6,11/30,34/45,5/12,29/36,43/90,193/240,1,1,7/10,13/15,3/4,11/12,7/10,71/80,5/6,1,34/45,19/20,29/36,1,193/240,1
"1,5|4|2,3",1,1/4,3/4,1/4,3/4,13/40,7/10,1/3,5/6,5/12,29/36,5/12,29/36,43/90,193/240,1,1,3/4,11/12,3/4,11/12,7/10,71/80,5/6,1,29/36,1,29/36,1,193/240,1
"1,5|2,3|4",1,1/3,5/6,1/3,5/6,5/12,29/36,1/5,7/10,11/30,34/45,11/30,34/45,43/90,193/240,1,1,5/6,1,5/6,1,29/36,1,7/10,13/15,34/45,19/20,34/45,19/20,193/240,1
"1,5|2,4|3",1,1/3,5/6,1/5,7/10,11/30,34/45,1/3,5/6,5/12,29/36,11/30,34/45,43/90,193/240,1,1,5/6,1,7/10,13/15,34/45,19/20,5/6,1,29/36,1,34/45,19/20,193/240,1
"1,5|3,4|2",1,1/5,7/10,1/3,5/6,11/30,34/45,1/3,5/6,11/30,34/45,5/12,29/36,43/90,193/240,1,1,7/10,13/15,5/6,1,34/45,19/20,5/6,1,34/45,19/20,29/36,1,193/240,1
"1,5|2,3,4",1,1/3,5/6,1/3,5/6,5/12,29/36,1/3,5/6,5/12,29/36,5/12,29/36,43/90,193/240,1,1,5/6,1,5/6,1,29/36,1,5/6,1,29/36,1,29/36,1,193/240,1
"2,3|1|4|5",1/3,1,5/6,1,5/6,1,1,1/4,5/12,3/4,29/36,3/4,29/36,11/12,1,1/5,11/30,7/10,34/45,7/10,34/45,13/15,19/20,13/40,43/90,7/10,193/240,7/10,193/240,71/80,1
"2,3|1|5|4",1/3,1,5/6,1,5/6,1,1,1/5,11/30,7/10,34/45,7/10,34/45,13/15,19/20,1/4,5/12,3/4,29/36,3/4,29/36,11/12,1,13/40,43/90,7/10,193/240,7/10,193/240,71/80,1
"2,3|1|4,5",1/3,1,5/6,1,5/6,1,1,1/4,5/12,3/4,29/36,3/4,29/36,11/12,1,1/4,5/12,3/4,29/36,3/4,29/36,11/12,1,13/40,43/90,7/10,193/240,7/10,193/240,71/80,1
"2,3|4|1|5",1/4,1,3/4,1,3/4,1,11/12,1/3,5/12,5/6,29/36,5/6,29/36,1,1,1/5,13/40,7/10,7/10,7/10,7/10,13/15,71/80,11/30,43/90,34/45,193/240,34/45,193/240,19/20,1
"2,3|4|5|1",1/5,1,7/10,1,7/10,1,13/15,1/3,11/30,5/6,34/45,5/6,34/45,1,19/20,1/4,13/40,3/4,7/10,3/4,7/10,11/12,71/80,5/12,43/90,29/36,193/240,29/36,193/240,1,1
"2,3|4|1,5",1/4,1,3/4,1,3/4,1,11/12,1/3,5/12,5/6,29/36,5/6,29/36,1,1,1/4,13/40,3/4,7/10,3/4,7/10,11/12,71/80,5/12,43/90,29/36,193/240,29/36,193/240,1,1
"2,3|5|1|4",1/4,1,3/4,1,3/4,1,11/12,1/5,13/40,7/10,7/10,7/10,7/10,13/15,71/80,1/3,5/12,5/6,29/36,5/6,29/36,1,1,11/30,43/90,34/45,193/240,34/45,193/240,19/20,1
"2,3|5|4|1",1/5,1,7/10,1,7/10,1,13/15,1/4,13/40,3/4,7/10,3/4,7/10,11/12,71/80,1/3,11/30,5/6,34/45,5/6,34/45,1,19/20,5/12,43/90,29/36,193/240,29/36,193/240,1,1
"2,3|5|1,4",1/4,1,3/4,1,3/4,1,11/12,1/4,13/40,3/4,7/10,3/4,7/10,11/12,71/80,1/3,5/12,5/6,29/36,5/6,29/36,1,1,5/12,43/90,29/36,193/240,29/36,193/240,1,1
"2,3|1,4|5",1/3,1,5/6,1,5/6,1,1,1/3,5/12,5/6,29/36,5/6,29/36,1,1,1/5,11/30,7/10,34/45,7/10,34/45,13/15,19/20,11/30,43/90,34/45,193/240,34/45,193/240,19/20,1
"2,3|1,5|4",1/3,1,5/6,1,5/6,1,1,1/5,11/30,7/10,34/45,7/10,34/45,13/15,19/20,1/3,5/12,5/6,29/36,5/6,29/36,1,1,11/30,43/90,34/45,193/240,34/45,193/240,19/20,1
"2,3|4,5|1",1/5,1,7/10,1,7/10,1,13/15,1/3,11/30,5/6,34/45,5/6,34/45,1,19/20,1/3,11/30,5/6,34/45,5/6,34/45,1,19/20,5/12,43/90,29/36,193/240,29/36,193/240,1,1
"2,3|1,4,5",1/3,1,5/6,1,5/6,1,1,1/3,5/12,5/6,29/36,5/6,29/36,1,1,1/3,5/12,5/6,29/36,5/6,29/36,1,1,5/12,43/90,29/36,193/240,29/36,193/240,1,1
"2,4|1|3|5",1/3,1,5/6,1/4,5/12,3/4,29/36,1,5/6,1,1,3/4,29/36,11/12,1,1/5,11/30,7/10,34/45,13/40,43/90,7/10,193/240,7/10,34/45,13/15,19/20,7/10,193/240,71/80,1
"2,4|1|5|3",1/3,1,5/6,1/5,11/30,7/10,34/45,1,5/6,1,1,7/10,34/45,13/15,19/20,1/4,5/12,3/4,29/36,13/40,43/90,7/10,193/240,3/4,29/36,11/12,1,7/10,193/240,71/80,1
"2,4|1|3,5",1/3,1,5/6,1/4,5/12,3/4,29/36,1,5/6,1,1,3/4,29/36,11/12,1,1/4,5/12,3/4,29/36,13/40,43/90,7/10,193/240,3/4,29/36,11/12,1,7/10,193/240,71/80,1
"2,4|3|1|5",1/4,1,3/4,1/3,5/12,5/6,29/36,1,3/4,1,11/12,5/6,29/36,1,1,1/5,13/40,7/10,7/10,11/30,43/90,34/45,193/240,7/10,7/10,13/15,71/80,34/45,193/240,19/20,1
"2,4|3|5|1",1/5,1,7/10,1/3,11/30,5/6,34/45,1,7/10,1,13/15,5/6,34/45,1,19/20,1/4,13/40,3/4,7/10,5/12,43/90,29/36,193/240,3/4,7/10,11/12,71/80,29/36,193/240,1,1
"2,4|3|1,5",1/4,1,3/4,1/3,5/12,5/6,29/36,1,3/4,1,11/12,5/6,29/36,1,1,1/4,13/40,3/4,7/10,5/12,43/90,29/36,193/240,3/4,7/10,11/12,71/80,29/36,193/240,1,1
"2,4|5|1|3",1/4,1,3/4,1/5,13/40,7/10,7/10,1,3/4,1,11/12,7/10,7/10,13/15,71/80,1/3,5/12,5/6,29/36,11/30,43/90,34/45,193/240,5/6,29/36,1,1,34/45,193/240,19/20,1
"2,4|5|3|1",1/5,1,7/10,1/4,13/40,3/4,7/10,1,7/10,1,13/15,3/4,7/10,11/12,71/80,1/3,11/30,5/6,34/45,5/12,43/90,29/36,193/240,5/6,34/45,1,19/20,29/36,193/240,1,1
"2,4|5|1,3",1/4,1,3/4,1/4,13/40,3/4,7/10,1,3/4,1,11/12,3/4,7/10,11/12,71/80,1/3,5/12,5/6,29/36,5/12,43/90,29/36,193/240,5/6,29/36,1,1,29/36,193/240,1,1
"2,4|1,3|5",1/3,1,5/6,1/3,5/12,5/6,29/36,1,5/6,1,1,5/6,29/36,1,1,1/5,11/30,7/10,34/45,11/30,43/90,34/45,193/240,7/10,34/45,13/15,19/20,34/45,193/240,19/20,1
"2,4|1,5|3",1/3,1,5/6,1/5,11/30,7/10,34/45,1,5/6,1,1,7/10,34/45,13/15,19/20,1/3,5/12,5/6,29/36,11/30,43/90,34/45,193/240,5/6,29/36,1,1,34/45,193/240,19/20,1
"2,4|3,5|1",1/5,1,7/10,1/3,11/30,5/6,34/45,1,7/10,1,13/15,5/6,34/45,1,19/20,1/3,11/30,5/6,34/45,5/12,43/90,29/36,193/240,5/6,34/45,1,19/20,29/36,193/240,1,1
"2,4|1,3,5",1/3,1,5/6,1/3,5/12,5/6,29/36,1,5/6,1,1,5/6,29/36,1,1,1/3,5/12,5/6,29/36,5/12,43/90,29/36,193/240,5/6,29/36,1,1,29/36,193/240,1,1
"2,5|1|3|4",1/3,1,5/6,1/4,5/12,3/4,29/36,1/5,11/30,7/10,34/45,13/40,43/90,7/10,193/240,1,5/6,1,1,3/4,29/36,11/12,1,7/10,34/45,13/15,19/20,7/10,193/240,71/80,1
"2,5|1|4|3",1/3,1,5/6,1/5,11/30,7/10,34/45,1/4,5/12,3/4,29/36,13/40,43/90,7/10,193/240,1,5/6,1,1,7/10,34/45,13/15,19/20,3/4,29/36,11/12,1,7/10,193/240,71/80,1
"2,5|1|3,4",1/3,1,5/6,1/4,5/12,3/4,29/36,1/4,5/12,3/4,29/36,13/40,43/90,7/10,193/240,1,5/6,1,1,3/4,29/36,11/12,1,3/4,29/36,11/12,1,7/10,193/240,71/80,1
"2,5|3|1|4",1/4,1,3/4,1/3,5/12,5/6,29/36,1/5,13/40,7/10,7/10,11/30,43/90,34/45,193/240,1,3/4,1,11/12,5/6,29/36,1,1,7/10,7/10,13/15,71/80,34/45,193/240,19/20,1
"2,5|3|4|1",1/5,1,7/10,1/3,11/30,5/6,34/45,1/4,13/40,3/4,7/10,5/12,43/90,29/36,193/240,1,7/10,1,13/15,5/6,34/45,1,19/20,3/4,7/10,11/12,71/80,29/36,193/240,1,1
"2,5|3|1,4",1/4,1,3/4,1/3,5/12,5/6,29/36,1/4,13/40,3/4,7/10,5/12,43/90,29/36,193/240,1,3/4,1,11/12,5/6,29/36,1,1,3/4,7/10,11/12,71/80,29/36,193/240,1,1
"2,5|4|1|3",1/4,1,3/4,1/5,13/40,7/10,7/10,1/3,5/12,5/6,29/36,11/30,43/90,34/45,193/240,1,3/4,1,11/12,7/10,7/10,13/15,71/80,5/6,29/36,1,1,34/45,193/240,19/20,1
"2,5|4|3|1",1/5,1,7/10,1/4,13/40,3/4,7/10,1/3,11/30,5/6,34/45,5/12,43/90,29/36,193/240,1,7/10,1,13/15,3/4,7/10,11/12,71/80,5/6,34/45,1,19/20,29/36,193/240,1,1
"2,5|4|1,3",1/4,1,3/4,1/4,13/40,3/4,7/10,1/3,5/12,5/6,29/36,5/12,43/90,29/36,193/240,1,3/4,1,11/12,3/4,7/10,11/12,71/80,5/6,29/36,1,1,29/36,193/240,1,1
"2,5|1,3|4",1/3,1,5/6,1/3,5/12,5/6,29/36,1/5,11/30,7/10,34/45,11/30,43/90,34/45,193/240,1,5/6,1,1,5/6,29/36,1,1,7/10,34/45,13/15,19/20,34/45,193/240,19/20,1
"2,5|1,4|3",1/3,1,5/6,1/5,11/30,7/10,34/45,1/3,5/12,5/6,29/36,11/30,43/90,34/45,193/240,1,5/6,1,1,7/10,34/45,13/15,19/20,5/6,29/36,1,1,34/45,193/240,19/20,1
"2,5|3,4|1",1/5,1,7/10,1/3,11/30,5/6,34/45,1/3,11/30,5/6,34/45,5/12,43/90,29/36,193/240,1,7/10,1,13/15,5/6,34/45,1,19/20,5/6,34/45,1,19/20,29/36,193/240,1,1
"2,5|1,3,4",1/3,1,5/6,1/3,5/12,5/6,29/36,1/3,5/12,5/6,29/36,5/12,43/90,29/36,193/240,1,5/6,1,1,5/6,29/36,1,1,5/6,29/36,1,1,29/36,193/240,1,1
"3,4|1|2|5",1/3,1/4,5/12,1,5/6,3/4,29/36,1,5/6,3/4,29/36,1,1,11/12,1,1/5,11/30,13/40,43/90,7/10,34/45,7/10,193/240,7/10,34/45,7/10,193/240,13/15,19/20,71/80,1
"3,4|1|5|2",1/3,1/5,11/30,1,5/6,7/10,34/45,1,5/6,7/10,34/45,1,1,13/15,19/20,1/4,5/12,13/40,43/90,3/4,29/36,7/10,193/240,3/4,29/36,7/10,193/240,11/12,1,71/80,1
"3,4|1|2,5",1/3,1/4,5/12,1,5/6,3/4,29/36,1,5/6,3/4,29/36,1,1,11/12,1,1/4,5/12,13/40,43/90,3/4,29/36,7/10,193/240,3/4,29/36,7/10,193/240,11/12,1,71/80,1
"3,4|2|1|5",1/4,1/3,5/12,1,3/4,5/6,29/36,1,3/4,5/6,29/36,1,11/12,1,1,1/5,13/40,11/30,43/90,7/10,7/10,34/45,193/240,7/10,7/10,34/45,193/240,13/15,71/80,19/20,1
"3,4|2|5|1",1/5,1/3,11/30,1,7/10,5/6,34/45,1,7/10,5/6,34/45,1,13/15,1,19/20,1/4,13/40,5/12,43/90,3/4,7/10,29/36,193/240,3/4,7/10,29/36,193/240,11/12,71/80,1,1
"3,4|2|1,5",1/4,1/3,5/12,1,3/4,5/6,29/36,1,3/4,5/6,29/36,1,11/12,1,1,1/4,13/40,5/12,43/90,3/4,7/10,29/36,193/240,3/4,7/10,29/36,193/240,11/12,71/80,1,1
"3,4|5|1|2",1/4,1/5,13/40,1,3/4,7/10,7/10,1,3/4,7/10,7/10,1,11/12,13/15,71/80,1/3,5/12,11/30,43/90,5/6,29/36,34/45,193/240,5/6,29/36,34/45,193/240,1,1,19/20,1
"3,4|5|2|1",1/5,1/4,13/40,1,7/10,3/4,7/10,1,7/10,3/4,7/10,1,13/15,11/12,71/80,1/3,11/30,5/12,43/90,5/6,34/45,29/36,193/240,5/6,34/45,29/36,193/240,1,19/20,1,1
"3,4|5|1,2",1/4,1/4,13/40,1,3/4,3/4,7/10,1,3/4,3/4,7/10,1,11/12,11/12,71/80,1/3,5/12,5/12,43/90,5/6,29/36,29/36,193/240,5/6,29/36,29/36,193/240,1,1,1,1
"3,4|1,2|5",1/3,1/3,5/12,1,5/6,5/6,29/36,1,5/6,5/6,29/36,1,1,1,1,1/5,11/30,11/30,43/90,7/10,34/45,34/45,193/240,7/10,34/45,34/45,193/240,13/15,19/20,19/20,1
"3,4|1,5|2",1/3,1/5,11/30,1,5/6,7/10,34/45,1,5/6,7/10,34/45,1,1,13/15,19/20,1/3,5/12,11/30,43/90,5/6,29/36,34/45,193/240,5/6,29/36,34/45,193/240,1,1,19/20,1
"3,4|2,5|1",1/5,1/3,11/30,1,7/10,5/6,34/45,1,7/10,5/6,34/45,1,13/15,1,19/20,1/3,11/30,5/12,43/90,5/6,34/45,29/36,193/240,5/6,34/45,29/36,193/240,1,19/20,1,1
"3,4|1,2,5",1/3,1/3,5/12,1,5/6,5/6,29/36,1,5/6,5/6,29/36,1,1,1,1,1/3,5/12,5/12,43/90,5/6,29/36,29/36,193/240,5/6,29/36,29/36,193/240,1,1,1,1
"3,5|1|2|4",1/3,1/4,5/12,1,5/6,3/4,29/36,1/5,11/30,13/40,43/90,7/10,34/45,7/10,193/240,1,5/6,3/4,29/36,1,1,11/12,1,7/10,34/45,7/10,193/240,13/15,19/20,71/80,1
"3,5|1|4|2",1/3,1/5,11/30,1,5/6,7/10,34/45,1/4,5/12,13/40,43/90,3/4,29/36,7/10,193/240,1,5/6,7/10,34/45,1,1,13/15,19/20,3/4,29/36,7/10,193/240,11/12,1,71/80,1
"3,5|1|2,4",1/3,1/4,5/12,1,5/6,3/4,29/36,1/4,5/12,13/40,43/90,3/4,29/36,7/10,193/240,1,5/6,3/4,29/36,1,1,11/12,1,3/4,29/36,7/10,193/240,11/12,1,71/80,1
"3,5|2|1|4",1/4,1/3,5/12,1,3/4,5/6,29/36,1/5,13/40,11/30,43/90,7/10,7/10,34/45,193/240,1,3/4,5/6,29/36,1,11/12,1,1,7/10,7/10,34/45,193/240,13/15,71/80,19/20,1
"3,5|2|4|1",1/5,1/3,11/30,1,7/10,5/6,34/45,1/4,13/40,5/12,43/90,3/4,7/10,29/36,193/240,1,7/10,5/6,34/45,1,13/15,1,19/20,3/4,7/10,29/36,193/240,11/12,71/80,1,1
"3,5|2|1,4",1/4,1/3,5/12,1,3/4,5/6,29/36,1/4,13/40,5/12,43/90,3/4,7/10,29/36,193/240,1,3/4,5/6,29/36,1,11/12,1,1,3/4,7/10,29/36,193/240,11/12,71/80,1,1
"3,5|4|1|2",1/4,1/5,13/40,1,3/4,7/10,7/10,1/3,5/12,11/30,43/90,5/6,29/36,34/45,193/240,1,3/4,7/10,7/10,1,11/12,13/15,71/80,5/6,29/36,34/45,193/240,1,1,19/20,1
"3,5|4|2|1",1/5,1/4,13/40,1,7/10,3/4,7/10,1/3,11/30,5/12,43/90,5/6,34/45,29/36,193/240,1,7/10,3/4,7/10,1,13/15,11/12,71/80,5/6,34/45,29/36,193/240,1,19/20,1,1
"3,5|4|1,2",1/4,1/4,13/40,1,3/4,3/4,7/10,1/3,5/12,5/12,43/90,5/6,29/36,29/36,193/240,1,3/4,3/4,7/10,1,11/12,11/12,71/80,5/6,29/36,29/36,193/240,1,1,1,1
"3,5|1,2|4",1/3,1/3,5/12,1,5/6,5/6,29/36,1/5,11/30,11/30,43/90,7/10,34/45,34/45,193/240,1,5/6,5/6,29/36,1,1,1,1,7/10,34/45,34/45,193/240,13/15,19/20,19/20,1
"3,5|1,4|2",1/3,1/5,11/30,1,5/6,7/10,34/45,1/3,5/12,11/30,43/90,5/6,29/36,34/45,193/240,1,5/6,7/10,34/45,1,1,13/15,19/20,5/6,29/36,34/45,193/240,1,1,19/20,1
"3,5|2,4|1",1/5,1/3,11/30,1,7/10,5/6,34/45,1/3,11/30,5/12,43/90,5/6,34/45,29/36,193/240,1,7/10,5/6,34/45,1,13/15,1,19/20,5/6,34/45,29/36,193/240,1,19/20,1,1
"3,5|1,2,4",1/3,1/3,5/12,1,5/6,5/6,29/36,1/3,5/12,5/12,43/90,5/6,29/36,29/36,193/240,1,5/6,5/6,29/36,1,1,1,1,5/6,29/36,29/36,193/240,1,1,1,1
"4,5|1|2|3",1/3,1/4,5/12,1/5,11/30,13/40,43/90,1,5/6,3/4,29/36,7/10,34/45,7/10,193/240,1,5/6,3/4,29/36,7/10,34/45,7/10,193/240,1,1,11/12,1,13/15,19/20,71/80,1
"4,5|1|3|2",1/3,1/5,11/30,1/4,5/12,13/40,43/90,1,5/6,7/10,34/45,3/4,29/36,7/10,193/240,1,5/6,7/10,34/45,3/4,29/36,7/10,193/240,1,1,13/15,19/20,11/12,1,71/80,1
"4,5|1|2,3",1/3,1/4,5/12,1/4,5/12,13/40,43/90,1,5/6,3/4,29/36,3/4,29/36,7/10,193/240,1,5/6,3/4,29/36,3/4,29/36,7/10,193/240,1,1,11/12,1,11/12,1,71/80,1
"4,5|2|1|3",1/4,1/3,5/12,1/5,13/40,11/30,43/90,1,3/4,5/6,29/36,7/10,7/10,34/45,193/240,1,3/4,5/6,29/36,7/10,7/10,34/45,193/240,1,11/12,1,1,13/15,71/80,19/20,1
"4,5|2|3|1",1/5,1/3,11/30,1/4,13/40,5/12,43/90,1,7/10,5/6,34/45,3/4,7/10,29/36,193/240,1,7/10,5/6,34/45,3/4,7/10,29/36,193/240,1,13/15,1,19/20,11/12,71/80,1,1
"4,5|2|1,3",1/4,1/3,5/12,1/4,13/40,5/12,43/90,1,3/4,5/6,29/36,3/4,7/10,29/36,193/240,1,3/4,5/6,29/36,3/4,7/10,29/36,193/240,1,11/12,1,1,11/12,71/80,1,1
"4,5|3|1|2",1/4,1/5,13/40,1/3,5/12,11/30,43/90,1,3/4,7/10,7/10,5/6,29/36,34/45,193/240,1,3/4,7/10,7/10,5/6,29/36,34/45,193/240,1,11/12,13/15,71/80,1,1,19/20,1
"4,5|3|2|1",1/5,1/4,13/40,1/3,11/30,5/12,43/90,1,7/10,3/4,7/10,5/6,34/45,29/36,193/240,1,7/10,3/4,7/10,5/6,34/45,29/36,193/240,1,13/15,11/12,71/80,1,19/20,1,1
"4,5|3|1,2",1/4,1/4,13/40,1/3,5/12,5/12,43/90,1,3/4,3/4,7/10,5/6,29/36,29/36,193/240,1,3/4,3/4,7/10,5/6,29/36,29/36,193/240,1,11/12,11/12,71/80,1,1,1,1
"4,5|1,2|3",1/3,1/3,5/12,1/5,11/30,11/30,43/90,1,5/6,5/6,29/36,7/10,34/45,34/45,193/240,1,5/6,5/6,29/36,7/10,34/45,34/45,193/240,1,1,1,1,13/15,19/20,19/20,1
"4,5|1,3|2",1/3,1/5,11/30,1/3,5/12,11/30,43/90,1,5/6,7/10,34/45,5/6,29/36,34/45,193/240,1,5/6,7/10,34/45,5/6,29/36,34/45,193/240,1,1,13/15,19/20,1,1,19/20,1
"4,5|2,3|1",1/5,1/3,11/30,1/3,11/30,5/12,43/90,1,7/10,5/6,34/45,5/6,34/45,29/36,193/240,1,7/10,5/6,34/45,5/6,34/45,29/36,193/240,1,13/15,1,19/20,1,19/20,1,1
"4,5|1,2,3",1/3,1/3,5/12,1/3,5/12,5/12,43/90,1,5/6,5/6,29/36,5/6,29/36,29/36,193/240,1,5/6,5/6,29/36,5/6,29/36,29/36,193/240,1,1,1,1,1,1,1,1
"1,2,3|4|5",1,1,1,1,1,1,1,1/4,3/4,3/4,11/12,3/4,11/12,11/12,1,1/5,7/10,7/10,13/15,7/10,13/15,13/15,19/20,13/40,7/10,7/10,71/80,7/10,71/80,71/80,1
"1,2,3|5|4",1,1,1,1,1,1,1,1/5,7/10,7/10,13/15,7/10,13/15,13/15,19/20,1/4,3/4,3/4,11/12,3/4,11/12,11/12,1,13/40,7/10,7/10,71/80,7/10,71/80,71/80,1
"1,2,3|4,5",1,1,1,1,1,1,1,1/4,3/4,3/4,11/12,3/4,11/12,11/12,1,1/4,3/4,3/4,11/12,3/4,11/12,11/12,1,13/40,7/10,7/10,71/80,7/10,71/80,71/80,1
"1,2,4|3|5",1,1,1,1/4,3/4,3/4,11/12,1,1,1,1,3/4,11/12,11/12,1,1/5,7/10,7/10,13/15,13/40,7/10,7/10,71/80,7/10,13/15,13/15,19/20,7/10,71/80,71/80,1
"1,2,4|5|3",1,1,1,1/5,7/10,7/10,13/15,1,1,1,1,7/10,13/15,13/15,19/20,1/4,3/4,3/4,11/12,13/40,7/10,7/10,71/80,3/4,11/12,11/12,1,7/10,71/80,71/80,1
"1,2,4|3,5",1,1,1,1/4,3/4,3/4,11/12,1,1,1,1,3/4,11/12,11/12,1,1/4,3/4,3/4,11/12,13/40,7/10,7/10,71/80,3/4,11/12,11/12,1,7/10,71/80,71/80,1
"1,2,5|3|4",1,1,1,1/4,3/4,3/4,11/12,1/5,7/10,7/10,13/15,13/40,7/10,7/10,71/80,1,1,1,1,3/4,11/12,11/12,1,7/10,13/15,13/15,19/20,7/10,71/80,71/80,1
"1,2,5|4|3",1,1,1,1/5,7/10,7/10,13/15,1/4,3/4,3/4,11/12,13/40,7/10,7/10,71/80,1,1,1,1,7/10,13/15,13/15,19/20,3/4,11/12,11/12,1,7/10,71/80,71/80,1
"1,2,5|3,4",1,1,1,1/4,3/4,3/4,11/12,1/4,3/4,3/4,11/12,13/40,7/10,7/10,71/80,1,1,1,1,3/4,11/12,11/12,1,3/4,11/12,11/12,1,7/10,71/80,71/80,1
"1,3,4|2|5",1,1/4,3/4,1,1,3/4,11/12,1,1,3/4,11/12,1,1,11/12,1,1/5,7/10,13/40,7/10,7/10,13/15,7/10,71/80,7/10,13/15,7/10,71/80,13/15,19/20,71/80,1
"1,3,4|5|2",1,1/5,7/10,1,1,7/10,13/15,1,1,7/10,13/15,1,1,13/15,19/20,1/4,3/4,13/40,7/10,3/4,11/12,7/10,71/80,3/4,11/12,7/10,71/80,11/12,1,71/80,1
"1,3,4|2,5",1,1/4,3/4,1,1,3/4,11/12,1,1,3/4,11/12,1,1,11/12,1,1/4,3/4,13/40,7/10,3/4,11/12,7/10,71/80,3/4,11/12,7/10,71/80,11/12,1,71/80,1
"1,3,5|2|4",1,1/4,3/4,1,1,3/4,11/12,1/5,7/10,13/40,7/10,7/10,13/15,7/10,71/80,1,1,3/4,11/12,1,1,11/12,1,7/10,13/15,7/10,71/80,13/15,19/20,71/80,1
"1,3,5|4|2",1,1/5,7/10,1,1,7/10,13/15,1/4,3/4,13/40,7/10,3/4,11/12,7/10,71/80,1,1,7/10,13/15,1,1,13/15,19/20,3/4,11/12,7/10,71/80,11/12,1,71/80,1
"1,3,5|2,4",1,1/4,3/4,1,1,3/4,11/12,1/4,3/4,13/40,7/10,3/4,11/12,7/10,71/80,1,1,3/4,11/12,1,1,11/12,1,3/4,11/12,7/10,71/80,11/12,1,71/80,1
"1,4,5|2|3",1,1/4,3/4,1/5,7/10,13/40,7/10,1,1,3/4,11/12,7/10,13/15,7/10,71/80,1,1,3/4,11/12,7/10,13/15,7/10,71/80,1,1,11/12,1,13/15,19/20,71/80,1
"1,4,5|3|2",1,1/5,7/10,1/4,3/4,13/40,7/10,1,1,7/10,13/15,3/4,11/12,7/10,71/80,1,1,7/10,13/15,3/4,11/12,7/10,71/80,1,1,13/15,19/20,11/12,1,71/80,1
"1,4,5|2,3",1,1/4,3/4,1/4,3/4,13/40,7/10,1,1,3/4,11/12,3/4,11/12,7/10,71/80,1,1,3/4,11/12,3/4,11/12,7/10,71/80,1,1,11/12,1,11/12,1,71/80,1
"2,3,4|1|5",1/4,1,3/4,1,3/4,1,11/12,1,3/4,1,11/12,1,11/12,1,1,1/5,13/40,7/10,7/10,7/10,7/10,13/15,71/80,7/10,7/10,13/15,71/80,13/15,71/80,19/20,1
"2,3,4|5|1",1/5,1,7/10,1,7/10,1,13/15,1,7/10,1,13/15,1,13/15,1,19/20,1/4,13/40,3/4,7/10,3/4,7/10,11/12,71/80,3/4,7/10,11/12,71/80,11/12,71/80,1,1
"2,3,4|1,5",1/4,1,3/4,1,3/4,1,11/12,1,3/4,1,11/12,1,11/12,1,1,1/4,13/40,3/4,7/10,3/4,7/10,11/12,71/80,3/4,7/10,11/12,71/80,11/12,71/80,1,1
"2,3,5|1|4",1/4,1,3/4,1,3/4,1,11/12,1/5,13/40,7/10,7/10,7/10,7/10,13/15,71/80,1,3/4,1,11/12,1,11/12,1,1,7/10,7/10,13/15,71/80,13/15,71/80,19/20,1
"2,3,5|4|1",1/5,1,7/10,1,7/10,1,13/15,1/4,13/40,3/4,7/10,3/4,7/10,11/12,71/80,1,7/10,1,13/15,1,13/15,1,19/20,3/4,7/10,11/12,71/80,11/12,71/80,1,1
"2,3,5|1,4",1/4,1,3/4,1,3/4,1,11/12,1/4,13/40,3/4,7/10,3/4,7/10,11/12,71/80,1,3/4,1,11/12,1,11/12,1,1,3/4,7/10,11/12,71/80,11/12,71/80,1,1
"2,4,5|1|3",1/4,1,3/4,1/5,13/40,7/10,7/10,1,3/4,1,11/12,7/10,7/10,13/15,71/80,1,3/4,1,11/12,7/10,7/10,13/15,71/80,1,11/12,1,1,13/15,71/80,19/20,1
"2,4,5|3|1",1/5,1,7/10,1/4,13/40,3/4,7/10,1,7/10,1,13/15,3/4,7/10,11/12,71/80,1,7/10,1,13/15,3/4,7/10,11/12,71/80,1,13/15,1,19/20,11/12,71/80,1,1
"2,4,5|1,3",1/4,1,3/4,1/4,13/40,3/4,7/10,1,3/4,1,11/12,3/4,7/10,11/12,71/80,1,3/4,1,11/12,3/4,7/10,11/12,71/80,1,11/12,1,1,11/12,71/80,1,1
"3,4,5|1|2",1/4,1/5,13/40,1,3/4,7/10,7/10,1,3/4,7/10,7/10,1,11/12,13/15,71/80,1,3/4,7/10,7/10,1,11/12,13/15,71/80,1,11/12,13/15,71/80,1,1,19/20,1
"3,4,5|2|1",1/5,1/4,13/40,1,7/10,3/4,7/10,1,7/10,3/4,7/10,1,13/15,11/12,71/80,1,7/10,3/4,7/10,1,13/15,11/12,71/80,1,13/15,11/12,71/80,1,19/20,1,1
"3,4,5|1,2",1/4,1/4,13/40,1,3/4,3/4,7/10,1,3/4,3/4,7/10,1,11/12,11/12,71/80,1,3/4,3/4,7/10,1,11/12,11/12,71/80,1,11/12,11/12,71/80,1,1,1,1
