n,b,distribution,fee,loss,action,transitions,verification
2,1,uniform,zero,1/6,1|2,4,all-actions
2,1,uniform,pair,1/6,1|2,4,all-actions
2,1,uniform,high,1/6,1|2,4,all-actions
2,1,uniform,reference,1/6,1|2,4,all-actions
2,1,reference,zero,1/8,1|2,4,all-actions
2,1,reference,pair,1/8,1|2,4,all-actions
2,1,reference,high,1/8,1|2,4,all-actions
2,1,reference,reference,1/8,1|2,4,all-actions
2,1,arithmetic,zero,13/72,1|2,4,all-actions
2,1,arithmetic,pair,13/72,1|2,4,all-actions
2,1,arithmetic,high,13/72,1|2,4,all-actions
2,1,arithmetic,reference,13/72,1|2,4,all-actions
2,2,uniform,zero,0,"1,2",5,all-actions
2,2,uniform,pair,1/24,"1,2",5,all-actions
2,2,uniform,high,1/8,"1,2",5,all-actions
2,2,uniform,reference,1/8,"1,2",5,all-actions
2,2,reference,zero,0,"1,2",5,all-actions
2,2,reference,pair,1/24,"1,2",5,all-actions
2,2,reference,high,1/8,"1,2",5,all-actions
2,2,reference,reference,1/8,"1,2",5,all-actions
2,2,arithmetic,zero,0,"1,2",5,all-actions
2,2,arithmetic,pair,1/24,"1,2",5,all-actions
2,2,arithmetic,high,1/8,"1,2",5,all-actions
2,2,arithmetic,reference,1/8,"1,2",5,all-actions
3,1,uniform,zero,1/4,1|2|3,12,all-actions
3,1,uniform,pair,1/4,1|2|3,12,all-actions
3,1,uniform,high,1/4,1|2|3,12,all-actions
3,1,uniform,reference,1/4,1|2|3,12,all-actions
3,1,reference,zero,7/36,1|2|3,12,all-actions
3,1,reference,pair,7/36,1|2|3,12,all-actions
3,1,reference,high,7/36,1|2|3,12,all-actions
3,1,reference,reference,7/36,1|2|3,12,all-actions
3,1,arithmetic,zero,44/207,1|3|2,12,all-actions
3,1,arithmetic,pair,44/207,1|3|2,12,all-actions
3,1,arithmetic,high,44/207,1|3|2,12,all-actions
3,1,arithmetic,reference,44/207,1|3|2,12,all-actions
3,2,uniform,zero,1/7,"1,2|3",18,all-actions
3,2,uniform,pair,31/168,"1,2|3",18,all-actions
3,2,uniform,high,1/4,1|2|3,18,all-actions
3,2,uniform,reference,19/84,"1,2|3",18,all-actions
3,2,reference,zero,1/9,"1,2|3",18,all-actions
3,2,reference,pair,11/72,"1,2|3",18,all-actions
3,2,reference,high,7/36,1|2|3,18,all-actions
3,2,reference,reference,7/36,"1|2,3",18,all-actions
3,2,arithmetic,zero,37/414,"1,2|3",18,all-actions
3,2,arithmetic,pair,217/1656,"1,2|3",18,all-actions
3,2,arithmetic,high,44/207,1|3|2,18,all-actions
3,2,arithmetic,reference,143/828,"1,2|3",18,all-actions
3,3,uniform,zero,0,"1,2,3",19,all-actions
3,3,uniform,pair,1/8,"1,2,3",19,all-actions
3,3,uniform,high,1/4,1|2|3,19,all-actions
3,3,uniform,reference,7/36,"1,2,3",19,all-actions
3,3,reference,zero,0,"1,2,3",19,all-actions
3,3,reference,pair,1/8,"1,2,3",19,all-actions
3,3,reference,high,7/36,1|2|3,19,all-actions
3,3,reference,reference,7/36,"1,2,3",19,all-actions
3,3,arithmetic,zero,0,"1,2,3",19,all-actions
3,3,arithmetic,pair,1/8,"1,2,3",19,all-actions
3,3,arithmetic,high,44/207,1|3|2,19,all-actions
3,3,arithmetic,reference,143/828,"1,2|3",19,all-actions
4,1,uniform,zero,161/540,1|2|3|4,32,all-actions
4,1,uniform,pair,161/540,1|2|3|4,32,all-actions
4,1,uniform,high,161/540,1|2|3|4,32,all-actions
4,1,uniform,reference,161/540,1|2|3|4,32,all-actions
4,1,reference,zero,23/96,1|2|3|4,32,all-actions
4,1,reference,pair,23/96,1|2|3|4,32,all-actions
4,1,reference,high,23/96,1|2|3|4,32,all-actions
4,1,reference,reference,23/96,1|2|3|4,32,all-actions
4,1,arithmetic,zero,122/507,1|4|3|2,32,all-actions
4,1,arithmetic,pair,122/507,1|4|3|2,32,all-actions
4,1,arithmetic,high,122/507,1|4|3|2,32,all-actions
4,1,arithmetic,reference,122/507,1|4|3|2,32,all-actions
4,2,uniform,zero,107/540,"1,2|3,4",56,all-actions
4,2,uniform,pair,283/1080,"1,2|3|4",56,all-actions
4,2,uniform,high,161/540,1|2|3|4,56,all-actions
4,2,uniform,reference,38/135,"1,2|3,4",56,all-actions
4,2,reference,zero,5/32,"1,2|3,4",56,all-actions
4,2,reference,pair,7/32,"1,2|3|4",56,all-actions
4,2,reference,high,23/96,1|2|3|4,56,all-actions
4,2,reference,reference,23/96,"1,2|3,4",56,all-actions
4,2,arithmetic,zero,80/507,"1,4|2,3",56,all-actions
4,2,arithmetic,pair,889/4056,"1,4|3|2",56,all-actions
4,2,arithmetic,high,122/507,1|4|3|2,56,all-actions
4,2,arithmetic,reference,649/2704,"1,4|3|2",56,all-actions
4,3,uniform,zero,7/60,"1,2,3|4",64,all-actions
4,3,uniform,pair,29/120,"1,2,3|4",64,all-actions
4,3,uniform,high,161/540,1|2|3|4,64,all-actions
4,3,uniform,reference,21/80,"1,2,3|4",64,all-actions
4,3,reference,zero,3/32,"1,2,3|4",64,all-actions
4,3,reference,pair,7/32,"1,2,3|4",64,all-actions
4,3,reference,high,23/96,1|2|3|4,64,all-actions
4,3,reference,reference,23/96,"1|2,3,4",64,all-actions
4,3,arithmetic,zero,181/2028,"1,2,4|3",64,all-actions
4,3,arithmetic,pair,869/4056,"1,2,4|3",64,all-actions
4,3,arithmetic,high,122/507,1|4|3|2,64,all-actions
4,3,arithmetic,reference,1907/8112,"1,2,4|3",64,all-actions
4,4,uniform,zero,0,"1,2,3,4",65,all-actions
4,4,uniform,pair,29/120,"1,2,3|4",65,all-actions
4,4,uniform,high,161/540,1|2|3|4,65,all-actions
4,4,uniform,reference,23/96,"1,2,3,4",65,all-actions
4,4,reference,zero,0,"1,2,3,4",65,all-actions
4,4,reference,pair,7/32,"1,2,3|4",65,all-actions
4,4,reference,high,23/96,1|2|3|4,65,all-actions
4,4,reference,reference,23/96,"1,2,3,4",65,all-actions
4,4,arithmetic,zero,0,"1,2,3,4",65,all-actions
4,4,arithmetic,pair,869/4056,"1,2,4|3",65,all-actions
4,4,arithmetic,high,122/507,1|4|3|2,65,all-actions
4,4,arithmetic,reference,1907/8112,"1,2,4|3",65,all-actions
5,1,uniform,zero,163/496,1|2|3|4|5,80,all-actions
5,1,uniform,pair,163/496,1|2|3|4|5,80,all-actions
5,1,uniform,high,163/496,1|2|3|4|5,80,all-actions
5,1,uniform,reference,163/496,1|2|3|4|5,80,all-actions
5,1,reference,zero,163/600,1|2|3|4|5,80,all-actions
5,1,reference,pair,163/600,1|2|3|4|5,80,all-actions
5,1,reference,high,163/600,1|2|3|4|5,80,all-actions
5,1,reference,reference,163/600,1|2|3|4|5,80,all-actions
5,1,arithmetic,zero,36701/123840,1|5|4|3|2,80,all-actions
5,1,arithmetic,pair,36701/123840,1|5|4|3|2,80,all-actions
5,1,arithmetic,high,36701/123840,1|5|4|3|2,80,all-actions
5,1,arithmetic,reference,36701/123840,1|5|4|3|2,80,all-actions
5,2,uniform,zero,559/2232,"1,2|3,4|5",160,all-actions
5,2,uniform,pair,461/1488,"1,2|3|4|5",160,all-actions
5,2,uniform,high,163/496,1|2|3|4|5,160,all-actions
5,2,uniform,reference,3539/11160,"1,2|3,4|5",160,all-actions
5,2,reference,zero,41/200,"1,2|3,4|5",160,all-actions
5,2,reference,pair,79/300,"1,2|3|4|5",160,all-actions
5,2,reference,high,163/600,1|2|3|4|5,160,all-actions
5,2,reference,reference,163/600,"1|2,3|4,5",160,all-actions
5,2,arithmetic,zero,1361/6192,"1,2|4,5|3",160,all-actions
5,2,arithmetic,pair,13913/49536,"1,2|5|4|3",160,all-actions
5,2,arithmetic,high,36701/123840,1|5|4|3|2,160,all-actions
5,2,arithmetic,reference,8869/30960,"1,2|4,5|3",160,all-actions
5,3,uniform,zero,433/2480,"1,2,3|4,5",200,all-actions
5,3,uniform,pair,461/1488,"1,2|3|4|5",200,all-actions
5,3,uniform,high,163/496,1|2|3|4|5,200,all-actions
5,3,uniform,reference,113/372,"1,2,3|4,5",200,all-actions
5,3,reference,zero,57/400,"1,2,3|4,5",200,all-actions
5,3,reference,pair,79/300,"1,2|3|4|5",200,all-actions
5,3,reference,high,163/600,1|2|3|4|5,200,all-actions
5,3,reference,reference,163/600,"1,2|3,4,5",200,all-actions
5,3,arithmetic,zero,4277/27520,"1,2,5|3,4",200,all-actions
5,3,arithmetic,pair,13913/49536,"1,2|5|4|3",200,all-actions
5,3,arithmetic,high,36701/123840,1|5|4|3|2,200,all-actions
5,3,arithmetic,reference,23447/82560,"1,2,5|4|3",200,all-actions
5,4,uniform,zero,3/31,"1,2,3,4|5",210,all-actions
5,4,uniform,pair,461/1488,"1,2|3|4|5",210,all-actions
5,4,uniform,high,163/496,1|2|3|4|5,210,all-actions
5,4,uniform,reference,1073/3720,"1,2,3,4|5",210,all-actions
5,4,reference,zero,2/25,"1,2,3,4|5",210,all-actions
5,4,reference,pair,79/300,"1,2|3|4|5",210,all-actions
5,4,reference,high,163/600,1|2|3|4|5,210,all-actions
5,4,reference,reference,163/600,"1|2,3,4,5",210,all-actions
5,4,arithmetic,zero,113/1376,"1,2,4,5|3",210,all-actions
5,4,arithmetic,pair,13913/49536,"1,2|5|4|3",210,all-actions
5,4,arithmetic,high,36701/123840,1|5|4|3|2,210,all-actions
5,4,arithmetic,reference,5651/20640,"1,2,4,5|3",210,all-actions
5,5,uniform,zero,0,"1,2,3,4,5",211,all-actions
5,5,uniform,pair,461/1488,"1,2|3|4|5",211,all-actions
5,5,uniform,high,163/496,1|2|3|4|5,211,all-actions
5,5,uniform,reference,163/600,"1,2,3,4,5",211,all-actions
5,5,reference,zero,0,"1,2,3,4,5",211,all-actions
5,5,reference,pair,79/300,"1,2|3|4|5",211,all-actions
5,5,reference,high,163/600,1|2|3|4|5,211,all-actions
5,5,reference,reference,163/600,"1,2,3,4,5",211,all-actions
5,5,arithmetic,zero,0,"1,2,3,4,5",211,all-actions
5,5,arithmetic,pair,13913/49536,"1,2|5|4|3",211,all-actions
5,5,arithmetic,high,36701/123840,1|5|4|3|2,211,all-actions
5,5,arithmetic,reference,163/600,"1,2,3,4,5",211,all-actions
6,2,arithmetic,pair,804271/2552400,"1,2|6|4|3|5",432,returned-action-and-transition-count
6,2,arithmetic,reference,133831/425400,"1,2|4,6|3|5",432,returned-action-and-transition-count
7,2,arithmetic,pair,85681/247968,"1,7|3|5|2|4|6",1120,returned-action-and-transition-count
7,2,arithmetic,reference,360461/1062720,"1,7|3,5|2|4|6",1120,returned-action-and-transition-count
8,2,arithmetic,pair,98141231/266364000,1|3|8|5|2|7|4|6,2816,returned-action-and-transition-count
8,2,arithmetic,reference,16064371/44394000,"1,8|3,5|2,7|4|6",2816,returned-action-and-transition-count
