n,b,actions,outcomes,action_outcome_pairs,refinement_evaluations,contrast_rank,predicted_rank,max_degree,elimination_max_bits,reference_bayes_risk
2,1,2,3,6,6,1,1,2,2,1/8
2,2,3,3,9,12,2,2,2,4,1/8
3,1,6,7,42,42,4,4,2,5,7/36
3,2,12,7,84,126,6,6,3,6,7/36
3,3,13,7,91,168,6,6,3,6,7/36
4,1,24,15,360,360,8,8,2,7,23/96
4,2,66,15,990,1800,13,13,3,10,23/96
4,3,74,15,1110,2520,14,14,4,11,23/96
4,4,75,15,1125,2880,14,14,4,11,23/96
5,1,120,31,3720,3720,13,13,2,11,163/600
5,2,450,31,13950,29760,24,24,3,11,163/600
5,3,530,31,16430,48360,29,29,4,13,163/600
5,4,540,31,16740,55800,30,30,5,15,163/600
5,5,541,31,16771,59520,30,30,5,15,163/600
