pair_fee,pair_fee_float,deterministic,deterministic_float,randomized,randomized_float,defer_probability
3/80,0.0375,0,0.0,0,0.0,1
61/1600,0.038125,1/1600,0.000625,19/32000,0.00059375,19/20
31/800,0.03875,1/800,0.00125,9/8000,0.001125,9/10
63/1600,0.039375,3/1600,0.001875,51/32000,0.00159375,17/20
1/25,0.04,1/400,0.0025,1/500,0.002,4/5
13/320,0.040625,1/320,0.003125,3/1280,0.00234375,3/4
33/800,0.04125,3/800,0.00375,21/8000,0.002625,7/10
67/1600,0.041875,7/1600,0.004375,91/32000,0.00284375,13/20
17/400,0.0425,1/200,0.005,3/1000,0.003,3/5
69/1600,0.043125,9/1600,0.005625,99/32000,0.00309375,11/20
7/160,0.04375,1/160,0.00625,1/320,0.003125,1/2
71/1600,0.044375,9/1600,0.005625,99/32000,0.00309375,9/20
9/200,0.045,1/200,0.005,3/1000,0.003,2/5
73/1600,0.045625,7/1600,0.004375,91/32000,0.00284375,7/20
37/800,0.04625,3/800,0.00375,21/8000,0.002625,3/10
3/64,0.046875,1/320,0.003125,3/1280,0.00234375,1/4
19/400,0.0475,1/400,0.0025,1/500,0.002,1/5
77/1600,0.048125,3/1600,0.001875,51/32000,0.00159375,3/20
39/800,0.04875,1/800,0.00125,9/8000,0.001125,1/10
79/1600,0.049375,1/1600,0.000625,19/32000,0.00059375,1/20
1/20,0.05,0,0.0,0,0.0,0
