t,t_float,full,full_float,deferred,deferred_float,bayes,bayes_float
-1/20,-0.05,9/80,0.1125,5/48,0.10416666666666667,5/48,0.10416666666666667
-19/400,-0.0475,9/80,0.1125,251/2400,0.10458333333333333,251/2400,0.10458333333333333
-9/200,-0.045,9/80,0.1125,21/200,0.105,21/200,0.105
-17/400,-0.0425,9/80,0.1125,253/2400,0.10541666666666667,253/2400,0.10541666666666667
-1/25,-0.04,9/80,0.1125,127/1200,0.10583333333333333,127/1200,0.10583333333333333
-3/80,-0.0375,9/80,0.1125,17/160,0.10625,17/160,0.10625
-7/200,-0.035,9/80,0.1125,8/75,0.10666666666666667,8/75,0.10666666666666667
-13/400,-0.0325,9/80,0.1125,257/2400,0.10708333333333334,257/2400,0.10708333333333334
-3/100,-0.03,9/80,0.1125,43/400,0.1075,43/400,0.1075
-11/400,-0.0275,9/80,0.1125,259/2400,0.10791666666666666,259/2400,0.10791666666666666
-1/40,-0.025,9/80,0.1125,13/120,0.10833333333333334,13/120,0.10833333333333334
-9/400,-0.0225,9/80,0.1125,87/800,0.10875,87/800,0.10875
-1/50,-0.02,9/80,0.1125,131/1200,0.10916666666666666,131/1200,0.10916666666666666
-7/400,-0.0175,9/80,0.1125,263/2400,0.10958333333333334,263/2400,0.10958333333333334
-3/200,-0.015,9/80,0.1125,11/100,0.11,11/100,0.11
-1/80,-0.0125,9/80,0.1125,53/480,0.11041666666666666,53/480,0.11041666666666666
-1/100,-0.01,9/80,0.1125,133/1200,0.11083333333333334,133/1200,0.11083333333333334
-3/400,-0.0075,9/80,0.1125,89/800,0.11125,89/800,0.11125
-1/200,-0.005,9/80,0.1125,67/600,0.11166666666666666,67/600,0.11166666666666666
-1/400,-0.0025,9/80,0.1125,269/2400,0.11208333333333333,269/2400,0.11208333333333333
0,0.0,9/80,0.1125,9/80,0.1125,9/80,0.1125
1/400,0.0025,9/80,0.1125,271/2400,0.11291666666666667,9/80,0.1125
1/200,0.005,9/80,0.1125,17/150,0.11333333333333333,9/80,0.1125
3/400,0.0075,9/80,0.1125,91/800,0.11375,9/80,0.1125
1/100,0.01,9/80,0.1125,137/1200,0.11416666666666667,9/80,0.1125
1/80,0.0125,9/80,0.1125,11/96,0.11458333333333333,9/80,0.1125
3/200,0.015,9/80,0.1125,23/200,0.115,9/80,0.1125
7/400,0.0175,9/80,0.1125,277/2400,0.11541666666666667,9/80,0.1125
1/50,0.02,9/80,0.1125,139/1200,0.11583333333333333,9/80,0.1125
9/400,0.0225,9/80,0.1125,93/800,0.11625,9/80,0.1125
1/40,0.025,9/80,0.1125,7/60,0.11666666666666667,9/80,0.1125
